상가업소번호,상호명,상권업종분류명,도로명주소,lat,lng
4606148,브라운스톤어린이집,유아교육,대구광역시 북구 내곡로 89,35.9026101,128.5148669
8076001,강림어린이집,유아교육,대구광역시 달성군 옥포면 돌미로 51,35.7896321,128.463792
10361846,꼬마시티어린이집,유아교육,대구광역시 동구 동북로 500,35.88006439999999,128.6394701
10382256,꼬마대통령어린이집,유아교육,대구광역시 달성군 옥포면 비슬로447길 11,35.7908068,128.4654222
10398306,퀸즈베이비어린이집,유아교육,대구광역시 서구 평리로 236,35.860811,128.5489633
10407515,하모니어린이집,유아교육,대구광역시 달서구 송현로7안길 23-22,35.8187504,128.5490477
10408767,대현어린이집,유아교육,대구광역시 북구 대현남로2길 40-7,35.8790351,128.6053614
10418419,해달별어린이집,유아교육,대구광역시 남구 대명서로 47-2,35.8307903,128.5603769
10425404,위즈키즈어린이집,유아교육,대구광역시 서구 달서로5길 29,35.8643058,128.5684711
10504003,백설어린이집,유아교육,대구광역시 남구 대명남로 10-2,35.8332752,128.5598144
10571821,아이린어린이집,유아교육,대구광역시 달서구 월배로33길 115,35.82012539999999,128.5269824
10606610,몬테소리어린이집,유아교육,대구광역시 북구 학정동로 10,35.9447972,128.5681614
10643097,태현어린이집,유아교육,대구광역시 북구 태전로13길 46-2,35.9219506,128.540687
10863398,월성무지개어린이집,유아교육,대구광역시 달서구 학산로7길 39,35.8326319,128.530545
10898531,대우어린이집,유아교육,대구광역시 북구 동북로31길 30,35.9004363,128.6111596
10902428,드림어린이집,유아교육,대구광역시 달서구 장기로 242,35.8453483,128.5344865
10934063,생각이크는어린이집,유아교육,대구광역시 달서구 상화북로5길 18,35.8113557,128.5287923
10959249,토마토어린이집,유아교육,대구광역시 달서구 성서동로65길 24,35.8502952,128.514559
10979819,아이엠어린이집,유아교육,대구광역시 달성군 다사읍 다사로 103-8,35.8694778,128.4568789
10986011,별님어린이집,유아교육,대구광역시 동구 동호로 88,35.8657254,128.7270989
11751861,더샵키즈어린이집,유아교육,대구광역시 동구 팔공로53길 40,35.9257609,128.6379123
11760124,아이블럭&커피,유아교육,대구광역시 수성구 수성로25길 43,35.837607,128.6092826
11875446,블럭아이,유아교육,대구광역시 달서구 조암남로 41,35.8212782,128.5286268
11891936,블럭아이월암교육원,유아교육,대구광역시 달서구 조암로6길 20,35.8273876,128.5265302
11955484,하나리움어린이집,유아교육,대구광역시 달성군 유가면 테크노북로 164,35.6960206,128.4623552
12046512,동막어린이집,유아교육,대구광역시 중구 국채보상로149길 26-9,35.8698998,128.6118707
12223227,줌앤키즈,유아교육,대구광역시 동구 신암북로11길 56,35.88982010000001,128.6211021
12472891,새론어린이집,유아교육,대구광역시 동구 과학로 45,35.8830468,128.6693546
12566534,도동어린이집,유아교육,대구광역시 동구 팔공로26길 46,35.9098887,128.6457049
12572615,계성어린이집,유아교육,대구광역시 수성구 범어로 157,35.8634764,128.6352643
12681251,대구산업정보대학부설리오바어린이집,유아교육,대구광역시 수성구 달구벌대로528길 15,35.8540385,128.6481314
12681272,아이사랑어린이집,유아교육,대구광역시 달서구 야외음악당로47길 142,35.8588107,128.5636288
12681281,금빛어린이집,유아교육,대구광역시 달서구 대명천로10길 19,35.8393424,128.5544718
12681283,사랑마을어린이집,유아교육,대구광역시 달서구 진천로10길 12,35.8130551,128.5253998
12681426,예영어린이집,유아교육,대구광역시 달서구 진천로10길 58,35.8115411,128.5263791
12681503,상원어린이집,유아교육,대구광역시 달서구 조암로 89-23,35.8225379,128.5217039
12681528,하늘꿈어린이집,유아교육,대구광역시 달서구 조암로14안길 18-9,35.8243242,128.5204805
12681796,월성이편한어린이집,유아교육,대구광역시 달서구 조암남로 10,35.8225494,128.5266606
15527967,뉴샛별어린이집,유아교육,대구광역시 북구 연암로12길 3,35.8914432,128.5971373
15534299,다람어린이집,유아교육,대구광역시 남구 대경5길 22-3,35.8464621,128.5762801
15536536,담은어린이집,유아교육,대구광역시 북구 호암로 40,35.8816405,128.5944278
15540685,대구도시철도공사다정다감어린이집,유아교육,대구광역시 달서구 월배로 250,35.8190698,128.5404202
15545110,남동어린이집,유아교육,대구광역시 달성군 논공읍 남리길 32-2,35.7245394,128.4493151
15552289,대구상록푸른숲어린이집,유아교육,대구광역시 동구 동호로 47,35.8661791,128.7215101
15566436,꿈나무어린이집,유아교육,대구광역시 달서구 중흥로 40,35.83036120000001,128.5563108
15577461,동보어린이집,유아교육,대구광역시 달성군 화원읍 명천로 161,35.8008162,128.500631
15578053,동서유진어린이집,유아교육,대구광역시 북구 서변로 88,35.9236508,128.5976497
15588297,둥지어린이집,유아교육,대구광역시 동구 효목로13길 41-1,35.8794453,128.6380907
15596895,디지비아이꿈터어린이집,유아교육,대구광역시 수성구 달구벌대로 2271-5,35.8609726,128.6109152
15605364,명곡어린이집,유아교육,대구광역시 달성군 화원읍 명천로 231,35.7982766,128.4946805
15610713,베베스쿨어린이집,유아교육,대구광역시 동구 신암로16길 16,35.8766621,128.6099691
15620545,바다어린이집,유아교육,대구광역시 북구 연암로4길 35,35.8902696,128.6031064
15620998,명곡천사어린이집,유아교육,대구광역시 달성군 화원읍 명곡로 11,35.7991493,128.4981201
15622692,무지개어린이집,유아교육,대구광역시 북구 태전로7길 27-13,35.9223011,128.5410961
15639018,상인화성파크어린이집,유아교육,대구광역시 달서구 송현로7길 10,35.8215932,128.5454915
15641283,보미어린이집,유아교육,대구광역시 동구 신암로16길 16,35.8766621,128.6099691
15657776,사랑해요어린이집,유아교육,대구광역시 북구 침산남로44길 13,35.8858245,128.5994775
15677281,성당키즈월드어린이집,유아교육,대구광역시 달서구 학산로2길 11,35.8264284,128.5323033
15681093,성지어린이집,유아교육,대구광역시 동구 반야월북로 153,35.8733734,128.7144271
15693745,수성애플어린이집,유아교육,대구광역시 수성구 화랑로2길 122,35.8676296,128.6371445
15696838,신솔정어린이집,유아교육,대구광역시 달성군 옥포면 간경1길 7,35.7922871,128.468614
15714948,아기코끼리어린이집,유아교육,대구광역시 달서구 한실로 32,35.8072217,128.5301414
15723687,아이꿈어린이집,유아교육,대구광역시 서구 서대구로 166,35.872669,128.5551923
15724080,아성생태어린이집,유아교육,대구광역시 북구 도남길 148-46,35.9609127,128.5859228
15733860,예지어린이집,유아교육,대구광역시 달서구 송현로7길 9,35.8201412,128.5486356
15746480,예원어린이집,유아교육,대구광역시 달서구 장기로 242,35.8453483,128.5344865
15768431,애플트리놀이방,유아교육,대구광역시 수성구 지산로11길 6-9,35.8264429,128.633061
15770746,아이맘어린이집,유아교육,대구광역시 수성구 청수로 214,35.8393325,128.6320687
15775360,요미요미달서교육원,유아교육,대구광역시 달서구 월서로 63,35.81898810000001,128.5281823
15780843,우방하이츠어린이집,유아교육,대구광역시 달서구 월배로11길 33,35.8147896,128.5184275
15785139,웃는어린이집,유아교육,대구광역시 북구 학정동로 10,35.9447972,128.5681614
15789449,웰리치어린이집,유아교육,대구광역시 수성구 범어로24길 19,35.8598952,128.6368445
15808502,이레어린이집,유아교육,대구광역시 달서구 성서동로 355-20,35.8531924,128.5134263
15819692,정부대구합동청사행복한어린이집,유아교육,대구광역시 달서구 화암로 301,35.805875,128.520565
15828896,조은친구어린이집,유아교육,대구광역시 수성구 용학로 272,35.8200687,128.6385216
15846939,채송화어린이집,유아교육,대구광역시 북구 관음중앙로33길 8-1,35.9456281,128.5499872
15848184,천사어린이집,유아교육,대구광역시 북구 팔거천동로24길 40,35.9325291,128.5607648
15892764,토마스어린이집,유아교육,대구광역시 북구 관음동로9길 3-5,35.936985,128.5467265
15893046,토마토어린이집,유아교육,대구광역시 북구 오봉로6길 15,35.8901079,128.5786264
15897612,팅커벨어린이집,유아교육,대구광역시 달서구 한실로 117,35.8082468,128.5381737
15906761,푸른하늘어린이집,유아교육,대구광역시 동구 동촌로 161,35.8840157,128.6584908
15912710,한빛무지개어린이집,유아교육,대구광역시 달서구 월배로 280,35.8199581,128.5439044
15921149,해피트리어린이집,유아교육,대구광역시 달서구 장기로 145,35.8420886,128.5430537
15922883,하늘사랑어린이집,유아교육,대구광역시 중구 남산로7길 80,35.8599331,128.579677
15926558,하나어린이집,유아교육,대구광역시 동구 아양로39길 20,35.8877808,128.6350021
15927155,햇살어린이집,유아교육,대구광역시 동구 송라로14길 17,35.8745222,128.6196936
15956560,썬샤인어린이집,유아교육,대구광역시 수성구 교학로 109,35.8512528,128.6515428
15990477,대구동구공동육아협동조합동동어린이집,유아교육,대구광역시 동구 율하동로21길 34-1,35.8692699,128.6987624
16053596,블럭업봉리점,유아교육,대구광역시 달성군 유가면 테크노상업로 108,35.6934153,128.4600017
16128198,휴포레강북어린이집,유아교육,대구광역시 북구 태암남로 60,35.9231352,128.5524839
16139768,리틀비틀키즈카페,유아교육,대구광역시 달서구 달구벌대로 1525,35.8501274,128.5338134
16200337,짐보리,유아교육,대구광역시 남구 명덕로 334,35.8547884,128.6066993
20751504,청아키즈,유아교육,대구광역시 수성구 공경로 51,35.8722475,128.643488
20752886,장미어린이집,유아교육,대구광역시 수성구 명덕로76안길 37,35.8512152,128.6099657
20755171,기빙트리,유아교육,대구광역시 수성구 시지로 25-2,35.8402953,128.6930122
20758685,키즈팡팡,유아교육,대구광역시 수성구 화랑로2길 105,35.8683481,128.6367726
20767341,키즈클럽,유아교육,대구광역시 수성구 달구벌대로 3188,35.8403657,128.7052456
20767507,프라임놀이학교,유아교육,대구광역시 수성구 달구벌대로 3188,35.8403657,128.7052456
20788821,아동스포전문교육기관,유아교육,대구광역시 수성구 신매로 71,35.8362134,128.7073717
20791035,아이리더스쿨,유아교육,대구광역시 수성구 들안로 354-1,35.8616879,128.6180358
20791350,미술로생각하기,유아교육,대구광역시 달서구 월곡로 180,35.8122353,128.5451608
20794451,국제어린이집,유아교육,대구광역시 북구 검단로41길 11,35.9133146,128.6269839
20803039,키다리방방,유아교육,대구광역시 서구 국채보상로 163,35.8696142,128.5489698
20808625,플레이봉봉,유아교육,대구광역시 수성구 국채보상로 836,35.8675196,128.6373666
20832580,해님어린이집,유아교육,대구광역시 서구 서대구로7길 2,35.861293,128.5560773
20842640,창의영재교육원,유아교육,대구광역시 수성구 달구벌대로 3083,35.8434463,128.6944267
20842902,께비블럭,유아교육,대구광역시 수성구 달구벌대로647길 20-9,35.8403447,128.7123143
20846080,스마트러닝센타,유아교육,대구광역시 달서구 월서로 28,35.8205892,128.5317951
20877047,영지어린이집,유아교육,대구광역시 동구 율하동로21길 34-7,35.8696147,128.6988318
21044497,지혜놀이방,유아교육,대구광역시 달서구 월배로40길 118-7,35.8139208,128.539157
21082599,하나선교놀이방,유아교육,대구광역시 동구 반야월로 396,35.8715443,128.7319924
21084259,청솔어린이집,유아교육,대구광역시 서구 달서로36길 12,35.8782432,128.5725808
21084394,한솔어린이집,유아교육,대구광역시 서구 달서천로65길 28,35.8867328,128.5704589
21092543,아이뜰어린이집,유아교육,대구광역시 동구 아양로7길 12,35.8833389,128.6177598
21096617,율하어린이집,유아교육,대구광역시 동구 안심로16길 45,35.864507,128.694792
21113249,무지개어린이집,유아교육,대구광역시 서구 평리로 255,35.8630567,128.5512332
21113255,신기어린이집,유아교육,대구광역시 동구 율하동로 76,35.8656224,128.7032304
21114012,수정어린이집,유아교육,대구광역시 동구 아양로41길 62,35.8897663,128.6338139
21123058,소화어린이집,유아교육,대구광역시 남구 현충로39길 74,35.8500685,128.5771741
21123684,은아어린이집,유아교육,대구광역시 서구 서대구로41길 10,35.876913,128.5537046
21126507,사랑어린이집,유아교육,대구광역시 서구 통학로48길 35,35.8813241,128.5672183
21127639,라온어린이집,유아교육,대구광역시 동구 아양로 218,35.883607,128.6363299
21130416,대구의료원어린이집,유아교육,대구광역시 서구 평리로33길 13,35.8601615,128.5409425
21138697,무지개어린이집,유아교육,대구광역시 남구 양지로 63,35.8511235,128.5772592
21140759,동구청어린이집,유아교육,대구광역시 동구 신암남로 175-1,35.8848904,128.6320783
21151716,가람어린이집,유아교육,대구광역시 동구 아양로2길 24,35.879585,128.6158169
21159118,금비어린이집,유아교육,대구광역시 달성군 다사읍 대실역북로 26,35.8585531,128.4685161
21159621,유리어린이집,유아교육,대구광역시 북구 침산남로37길 5,35.8879331,128.595413
21167034,딸기어린이집,유아교육,대구광역시 북구 구암로49길 24,35.9341198,128.5632818
21167563,도담도담어린이집,유아교육,대구광역시 달서구 상원로 143,35.8202928,128.5286878
21169474,동심어린이집,유아교육,대구광역시 달서구 상화로51길 14,35.8094116,128.542539
21173357,평화어린이집,유아교육,대구광역시 달서구 성서동로 350,35.8516974,128.5165254
21174071,동화아이어린이집,유아교육,대구광역시 달서구 상인서로 75,35.8163243,128.5414307
21174952,열린어린이집,유아교육,대구광역시 수성구 고산로4길 62,35.8309807,128.7048648
21175530,잼잼영아어린이집,유아교육,대구광역시 북구 칠곡중앙대로53길 32,35.9189168,128.5428814
21178070,초록어린이집,유아교육,대구광역시 달서구 선원남로 181,35.8580967,128.519884
21182130,희망어린이집,유아교육,대구광역시 수성구 달구벌대로618길 33,35.8409504,128.696941
21182521,미소어린이집,유아교육,대구광역시 수성구 범어로32길 26,35.8648185,128.6366204
21183988,웃는어린이집,유아교육,대구광역시 북구 학남로 100,35.9447972,128.5681614
21192253,하늘꿈어린이집,유아교육,대구광역시 수성구 지범로40길 6,35.8192605,128.6403367
21194790,키즈하버드어린이집,유아교육,대구광역시 달서구 용산로 254,35.8596259,128.5317036
21209360,아이보물섬어린이집,유아교육,대구광역시 북구 대천로 101,35.9378168,128.5612001
21210236,명문세가어린이집,유아교육,대구광역시 북구 복현로 50,35.8966921,128.6248467
21212676,꼬꼬마어린이집,유아교육,대구광역시 달서구 상원로4길 7,35.811167,128.5367825
21215394,아일랜드어린이집,유아교육,대구광역시 달성군 화원읍 화원로3길 66,35.8057702,128.4977365
21221465,칼라창의센터,유아교육,대구광역시 달서구 장기로 255,35.8433344,128.5323487
21224642,담아어린이집,유아교육,대구광역시 수성구 지산로 56,35.8265576,128.6345605
21228259,은비놀이방,유아교육,대구광역시 북구 태전로19길 7-10,35.9270304,128.5412768
21229399,요한바오르2세어린이집,유아교육,대구광역시 남구 현충로 2,35.8340496,128.5814191
21230665,명곡어린이집,유아교육,대구광역시 달성군 화원읍 명곡로 30,35.7966486,128.4951417
21231173,태전휴먼시아어린이집,유아교육,대구광역시 북구 매전로 73,35.9116768,128.5454012
21232894,우리뜰어린이집,유아교육,대구광역시 북구 호국로39길 27,35.9189424,128.5961883
21241990,영재어린이집,유아교육,대구광역시 달서구 신당로 56,35.8527016,128.4979101
21253929,행복한어린이집,유아교육,대구광역시 달서구 학산로 30,35.8276817,128.5336276
21259097,파동새마을유아원,유아교육,대구광역시 수성구 파동로38길 45-3,35.8189954,128.614636
21261673,배꼽놀이방,유아교육,대구광역시 수성구 고산로 90,35.8382794,128.705205
21263910,강변어린이집,유아교육,대구광역시 동구 동촌로54길 13,35.8781615,128.6688071
21266870,예은놀이방,유아교육,대구광역시 달서구 한실로 30,35.8065976,128.53001
21276618,인성어린이집,유아교육,대구광역시 달서구 선원남로 99,35.858196,128.5118664
21280719,모아어린이짐,유아교육,대구광역시 북구 서변로 88,35.9236508,128.5976497
21290121,에덴동산어린이집,유아교육,대구광역시 달서구 호산로 125,35.8508393,128.4756956
21290679,모아어린이집,유아교육,대구광역시 수성구 천을로 170,35.8426562,128.7087163
21294691,효동어린이집,유아교육,대구광역시 수성구 들안로40길 57,35.8486015,128.619472
21309291,호원재단,유아교육,대구광역시 동구 신서로 71-80,35.8754773,128.7192035
21458896,한국어린이집,유아교육,대구광역시 동구 송라로 50-1,35.87176,128.6194418
21548513,가온어린이집,유아교육,대구광역시 중구 달구벌대로 1970,35.863368,128.5802524
21548886,배꼽어린이집,유아교육,대구광역시 동구 동호로 88,35.8657254,128.7270989
21558529,즐거운어린이집,유아교육,대구광역시 서구 문화로47길 3,35.8759511,128.5576294
21605749,신광어린이집,유아교육,대구광역시 북구 학남로15길 50-16,35.94365200000001,128.5728195
21627745,한국영재교육문화원본원,유아교육,대구광역시 수성구 달구벌대로 3110,35.8418552,128.6968138
21640717,토마틀영재교육원,유아교육,대구광역시 수성구 화랑로8길 11-13,35.8705868,128.633907
21653757,꿈스토리어린이집,유아교육,대구광역시 수성구 충의로4길 38,35.8654913,128.6473277
21658633,궁전어린이집,유아교육,대구광역시 북구 관음동로32길 18-4,35.9470205,128.5482355
21675209,나경영아전담어린이집,유아교육,대구광역시 달서구 상화로 26-16,35.8091574,128.5165508
21684460,보배어린이집,유아교육,대구광역시 달서구 상원로15길 32,35.8143614,128.5341372
21692167,송파어린이집,유아교육,대구광역시 북구 동변로13길 8,35.9196533,128.6027344
21694126,죽전예능어린이집,유아교육,대구광역시 달서구 와룡로56길 38,35.8564924,128.5397097
21694127,상인킨더리베어린이집,유아교육,대구광역시 달서구 월곡로53길 70,35.8160176,128.535464
21694128,별다래어린이집,유아교육,대구광역시 달서구 성지로 35,35.8544083,128.5197194
21695455,베베궁어린이집,유아교육,대구광역시 수성구 달구벌대로661길 7,35.8373751,128.7187908
21701632,큰사랑어린이집,유아교육,대구광역시 달서구 월배로75길 132,35.8334301,128.547504
21702028,햇살조은어린이집,유아교육,대구광역시 달성군 다사읍 왕선로 26,35.8609268,128.4651353
21703208,천진어린이집,유아교육,대구광역시 남구 명덕시장길 119-5,35.8456348,128.5896402
21703211,북구어린이집,유아교육,대구광역시 북구 성북로 49,35.8918696,128.5889017
21704866,장미어린이집,유아교육,대구광역시 북구 매천로동17길 43,35.9083013,128.5410406
21705334,미키키즈어린이집,유아교육,대구광역시 서구 문화로 292,35.8722958,128.5455752
21707737,햇님어린이집,유아교육,대구광역시 북구 팔거천동로 52,35.9289195,128.5547242
21709974,죽곡휴먼시아어린이집,유아교육,대구광역시 달성군 다사읍 대실역북로1길 6,35.8593785,128.4667228
21710177,수성애플트리어린이집,유아교육,대구광역시 수성구 화랑로2길 122,35.8676296,128.6371445
21713259,별초롱어린이집,유아교육,대구광역시 북구 구암로49길 10,35.934181,128.5652328
21713552,밤비니어린이집,유아교육,대구광역시 수성구 들안로64길 61,35.858767,128.6211288
21714383,초록하늘채어린이집,유아교육,대구광역시 북구 침산로22길 31,35.8858081,128.5938975
21714596,남대구어린이집,유아교육,대구광역시 남구 대명남로 148-4,35.835024,128.5742858
21716223,송현피노키오어린이집,유아교육,대구광역시 달서구 월배로80길 25,35.8292074,128.5522408
21716892,화니어린이집,유아교육,대구광역시 수성구 동대구로7길 14-14,35.834238,128.6227893
21718865,아이멘토어린이집,유아교육,대구광역시 달서구 조암로6길 20,35.8273876,128.5265302
21719200,동부어린이집,유아교육,대구광역시 동구 큰고개로 46-2,35.8888044,128.6250749
21721945,대구삼성어린이집,유아교육,대구광역시 중구 달구벌대로 2016-40,35.8644687,128.5843009
21731732,요미요미만촌교육원,유아교육,대구광역시 수성구 화랑로12길 8,35.8710165,128.6342935
21747202,꼬마천사놀이방,유아교육,대구광역시 수성구 고산로 90,35.8382794,128.705205
21747204,아가네집,유아교육,대구광역시 동구 송라로10길 34,35.8711245,128.6224201
21749585,꿈나무어린이집,유아교육,대구광역시 달서구 월배로88길 41,35.8312996,128.5549316
21757934,샘물어린이집,유아교육,대구광역시 수성구 지범로 290,35.8145026,128.6478775
22188443,킨더베베어린이집,유아교육,대구광역시 남구 대명로25길 23-4,35.84066019999999,128.5712048
22210451,윤성어린이집,유아교육,대구광역시 서구 문화로47길 17-1,35.8773106,128.5575669
22214973,동문어린이집,유아교육,대구광역시 동구 아양로40길 30,35.8846607,128.6354611
22218693,햇살어린이집,유아교육,대구광역시 동구 송라로14길 15,35.8744788,128.6195338
22218925,둥지놀이방,유아교육,대구광역시 동구 효목로13길 41-1,35.8794453,128.6380907
22219372,삼익어린이집,유아교육,대구광역시 서구 평리로 236,35.860811,128.5489633
22224335,앙팡어린이집,유아교육,대구광역시 서구 북비산로72길 5,35.8788562,128.5723715
22225547,한솔어린이집,유아교육,대구광역시 동구 아양로46길 100,35.8829932,128.6398879
22234331,쥬라기랜드어린이집,유아교육,대구광역시 북구 환성정길 31-9,35.9238071,128.5930334
22235322,덕일어린이집,유아교육,대구광역시 수성구 청호로92길 26,35.8554076,128.6432611
22237550,미키어린이집,유아교육,대구광역시 동구 동촌로45길 39,35.8832817,128.6691437
22238608,꼬마숲어린이집,유아교육,대구광역시 동구 안심로 402,35.8686557,128.7293115
22238791,그리네어린이집,유아교육,대구광역시 수성구 지산로 31,35.82413349999999,128.6320743
22238807,새열린어린이집,유아교육,대구광역시 달서구 파도고개로 207,35.85758970000001,128.5652965
22239473,우리어린이집,유아교육,대구광역시 동구 동촌로 132-19,35.8844385,128.6555094
22240582,신당어린이집,유아교육,대구광역시 달서구 신당로 55,35.8547496,128.4978565
22240833,파랑새어린이집놀이방,유아교육,대구광역시 동구 방천로7길 39,35.8960802,128.6366712
22242351,고운별어린이집,유아교육,대구광역시 달서구 대명천로 101,35.8386355,128.5478563
22242374,장성어린이집,유아교육,대구광역시 달서구 성당로51길 56,35.8559527,128.5710498
22242390,신나는어린이집,유아교육,대구광역시 달서구 선원로 137,35.8595256,128.5090836
22246963,한사랑어린이집,유아교육,대구광역시 동구 율하동로17길 49,35.8684893,128.6956605
22250773,아이꿈어린이집,유아교육,대구광역시 서구 평리로55길 24,35.8658003,128.5537746
22251472,엘림어린이집,유아교육,대구광역시 북구 동변로 24,35.9154377,128.6024132
22254177,비둘기어린이집,유아교육,대구광역시 중구 명륜로26안길 12,35.8591287,128.5961575
22256419,백산어린이집,유아교육,대구광역시 달서구 성지로 75,35.85618040000001,128.520124
22258950,멘사영재교육원,유아교육,대구광역시 달서구 이곡공원로 32,35.8549684,128.5110108
22260677,청운어린이집,유아교육,대구광역시 달서구 용산로12길 51,35.8426022,128.5336401
22261515,예림어린이집,유아교육,대구광역시 서구 고성로 35,35.8866307,128.5716499
22274520,진로어린이집,유아교육,대구광역시 동구 아양로 218,35.883607,128.6363299
22277042,아이마루어린이집,유아교육,대구광역시 달서구 조암남로 132,35.8186862,128.5186531
22278213,영아전담보육시설보배어린이집,유아교육,대구광역시 서구 통학로 194-3,35.877509,128.5633338
22281718,한글나라어린이집,유아교육,대구광역시 달서구 야외음악당로9길 34,35.8411551,128.5509244
22283980,한국예술어린이집,유아교육,대구광역시 동구 아양로39길 43,35.8894717,128.6341405
22289966,나현어린이집,유아교육,대구광역시 중구 남산로13길 28,35.8618288,128.5807549
22295015,보명어린이집,유아교육,대구광역시 수성구 무열로39길 16-14,35.8743014,128.645189
22299528,영남어린이집,유아교육,대구광역시 남구 현충로32길 5-9,35.8472043,128.5804944
22299763,고운어린이집,유아교육,대구광역시 동구 효목로 58-5,35.878085,128.640998
22303001,다람어린이집,유아교육,대구광역시 서구 평리로57길 48-1,35.8675648,128.5542298
22305378,반야월어린이집,유아교육,대구광역시 동구 반야월북로12길 13-3,35.8765995,128.7053595
22306279,천사어린이집,유아교육,대구광역시 동구 안심로22길 55,35.8643691,128.69758
22306946,혜원어린이집,유아교육,대구광역시 수성구 범안로 40,35.816846,128.6416674
22307154,새봄어린이집,유아교육,대구광역시 달서구 이곡서로7길 17,35.8532028,128.5031035
22309746,죽전어린이집,유아교육,대구광역시 달서구 와룡로51길 56-12,35.8561438,128.534208
22311523,무열대어린이집,유아교육,대구광역시 수성구 국채보상로 1019,35.8673711,128.6415064
22311682,조은어린이집,유아교육,대구광역시 달서구 당산로45길 95,35.85542110000001,128.5422256
22313179,캐슬어린이집,유아교육,대구광역시 달서구 장산남로 33,35.8508543,128.5265823
22313869,로뎀어린이집,유아교육,대구광역시 달서구 와룡로45길 36-15,35.8539398,128.5350845
22315347,전석어린이집,유아교육,대구광역시 달서구 신당로 56,35.8527016,128.4979101
22323398,종이나라어린이집,유아교육,대구광역시 달서구 와룡로57길 48-5,35.8583517,128.5344919
22325463,썸머힐어린이집,유아교육,대구광역시 동구 반야월북로27길 7-1,35.8736944,128.7121199
22326088,황소나무어린이집,유아교육,대구광역시 서구 서대구로6길 31,35.861348,128.5609252
22326206,새한별어린이집,유아교육,대구광역시 동구 경안로105길 53,35.8698401,128.7114011
22329574,은송어린이집,유아교육,대구광역시 달서구 송현동1길 65-1,35.8281318,128.5477653
22331615,가람어린이집,유아교육,대구광역시 달서구 한실로 135,35.8074717,128.5409723
22333492,하늘성어린이집,유아교육,대구광역시 북구 동천로 97,35.9409253,128.5592946
22341137,통곡모유육아상담실,유아교육,대구광역시 수성구 수성로 192,35.8425082,128.6126842
22341671,키즈드림어린이집,유아교육,대구광역시 달서구 조암남로14길 13,35.8213465,128.5251811
22345322,소망어린이집,유아교육,대구광역시 달성군 현풍면 현풍중앙로14길 21,35.6951755,128.4463471
22345704,키즈월드어린이집,유아교육,대구광역시 달서구 달서대로 41,35.8129173,128.5107446
22346631,소망어린이집,유아교육,대구광역시 북구 관음중앙로22길 8-21,35.9428333,128.5455997
22347265,효성새마을유아원,유아교육,대구광역시 북구 고촌길 157-3,35.9126561,128.5915619
22351831,강북어린이집,유아교육,대구광역시 북구 동호안길 38,35.9640457,128.5567647
22363251,수성대학교부설리오바어린이집,유아교육,대구광역시 수성구 달구벌대로528길 15,35.8540385,128.6481314
22363275,용산어린이집,유아교육,대구광역시 달서구 용산서로 9,35.8569029,128.5296991
22365286,칼비테조기교육원,유아교육,대구광역시 북구 학정로 440,35.9437584,128.5642558
22366074,한빛어린이집,유아교육,대구광역시 북구 팔거천동로4길 41-13,35.9276174,128.5550398
22367136,사랑어린이집,유아교육,대구광역시 북구 칠곡중앙대로126길 3,35.9511061,128.553947
22375699,온누리자이어린이집,유아교육,대구광역시 달서구 조암남로10길 21,35.8219099,128.5264121
22380056,강산어린이집,유아교육,대구광역시 달서구 도원로 45,35.8054156,128.537411
22381483,대구법원어린이집,유아교육,대구광역시 수성구 세진로 26,35.8616572,128.6385505
22381616,청구어린이집,유아교육,대구광역시 북구 매천로2길 19,35.8983874,128.5433249
22382284,녹원어린이집,유아교육,대구광역시 달성군 다사읍 다사로 82-4,35.8675273,128.4590226
22382828,아띠어린이집,유아교육,대구광역시 북구 학정동로 7,35.9448471,128.5655958
22388740,디딤어린이집,유아교육,대구광역시 북구 구암로60길 46-13,35.939373,128.5698893
22388793,신나라어린이집,유아교육,대구광역시 북구 태전로1길 9,35.9203956,128.545122
22391020,작은나라어린이집,유아교육,대구광역시 달서구 진천로3길 85-11,35.8097534,128.5215019
22396270,대자연어린이집,유아교육,대구광역시 달서구 앞산순환로55길 46,35.8283779,128.556391
22397650,영재어린이집,유아교육,대구광역시 달성군 현풍면 현풍중앙로14길 34,35.6950099,128.4470168
22397664,천사어린이집,유아교육,대구광역시 북구 동천로 155,35.9454523,128.5603186
22398724,꿈땅어린이집,유아교육,대구광역시 달성군 화원읍 비슬로512길 20-7,35.8023902,128.4964353
22399086,백합어린이집,유아교육,대구광역시 달성군 논공읍 사촌길 7,35.7285563,128.4371903
22399088,참사랑어린이집,유아교육,대구광역시 달성군 다사읍 서재로30길 7,35.87717190000001,128.4978373
22401113,동화I-WISH어린이집,유아교육,대구광역시 달성군 다사읍 대실역북로 55,35.8611308,128.4669202
22405131,한솔시찌다어린이집,유아교육,대구광역시 북구 침산남로39길 12,35.88797479999999,128.5973605
22405573,은초롱어린이집,유아교육,대구광역시 수성구 수성로74길 33,35.8567734,128.6158575
22407279,딸기어린이집,유아교육,대구광역시 달성군 옥포면 시저로5길 37,35.7855101,128.4271845
22407338,은광선교원,유아교육,대구광역시 북구 태전로15길 1-10,35.9265126,128.5421842
22408006,웨스코,유아교육,대구광역시 수성구 지범로 41,35.8221934,128.644993
22409335,칠곡어린이집,유아교육,대구광역시 북구 칠곡중앙대로110길 6-20,35.9438646,128.5514868
22409403,새싹어린이집,유아교육,대구광역시 북구 대동로10길 9,35.8956921,128.6114477
22410738,굿맘효성어린이집,유아교육,대구광역시 수성구 들안로16길 34-22,35.8377086,128.6190375
22411935,이편한세상어린이집,유아교육,대구광역시 북구 대현로10길 82,35.8813908,128.6036461
22413692,대구공동육아협동조합,유아교육,대구광역시 수성구 천을로 61-7,35.8455813,128.6974088
22414614,세윤어린이집,유아교육,대구광역시 북구 구암서로 22,35.9375289,128.5662885
22415473,샛별어린이집,유아교육,대구광역시 달성군 논공읍 논공로17길 20,35.7303297,128.4427172
22418957,별하나어린이집,유아교육,대구광역시 수성구 파동로51길 74,35.8228231,128.608831
22419649,새나래어린이집,유아교육,대구광역시 북구 경대로7길 60,35.8861481,128.6079098
22441505,솔방울공동육아협동조합,유아교육,대구광역시 달성군 다사읍 강정본길 40,35.8442366,128.4666297
22441982,메르디앙어린이집,유아교육,대구광역시 수성구 노변로 55,35.8363826,128.6994092
22442336,좋은친구어린이집,유아교육,대구광역시 북구 팔거천동로24길 40,35.9325291,128.5607648
22450947,알짬어린이집,유아교육,대구광역시 달서구 도원로 45,35.8054156,128.537411
22455387,예랑어린이집,유아교육,대구광역시 북구 동북로 321-9,35.8916988,128.6246867
22456747,하늘어린이집,유아교육,대구광역시 수성구 무학로21안길 8-24,35.831854,128.6203457
22463827,피어라어린이집,유아교육,대구광역시 북구 관음중앙로17길 52-6,35.9450339,128.5445097
22470935,그린어린이집,유아교육,대구광역시 달성군 논공읍 논공로15길 20-14,35.7299503,128.4422166
22536425,색동어머니회동화구연가회,유아교육,대구광역시 수성구 청수로 266,35.8404173,128.6369202
22685251,스키마키즈스쿨,유아교육,대구광역시 달서구 용산서로 12,35.8577966,128.5293751
22694789,더와이즈클럽,유아교육,대구광역시 달서구 평리로 74,35.8585573,128.5324372
22694879,열린문어린이집,유아교육,대구광역시 달서구 진천로3길 18,35.8104952,128.5250145
22703707,키즈컴,유아교육,대구광역시 동구 아양로39길 6,35.886559,128.6347464
22735656,하나어린이집,유아교육,대구광역시 동구 아양로39길 13,35.8869174,128.6341357
22741098,하나어린이집,유아교육,대구광역시 동구 아양로39길 16,35.8872023,128.6349653
22741913,한국예술어린이집,유아교육,대구광역시 동구 아양로39길 51,35.8884896,128.6343664
22751761,와룡어린이집,유아교육,대구광역시 달서구 성서서로 353,35.8567054,128.4996291
22757107,블럭스쿨,유아교육,대구광역시 동구 안심로22길 60,35.8631072,128.6983672
22759557,대구율빛어린이집,유아교육,대구광역시 동구 율하서로3길 45,35.8604943,128.6880757
22761262,상록푸른어린이집,유아교육,대구광역시 동구 동호로 47,35.8661791,128.7215101
22770705,천재어린이집,유아교육,대구광역시 북구 팔달로35길 32,35.890066,128.5700497
22777989,연세어린이집,유아교육,대구광역시 서구 문화로 157,35.8773455,128.5689563
22778315,플레이방,유아교육,대구광역시 달서구 선원로 97,35.8593389,128.5031112
22779704,아이그루어린이집,유아교육,대구광역시 동구 안심로16길 71,35.8617025,128.694257
22790990,점프점프플레이방,유아교육,대구광역시 달서구 도원로동길 4-5,35.8073704,128.5364328
22797099,작은어린이집,유아교육,대구광역시 동구 안심로22길 76,35.8626351,128.6998845
22797449,푸른풀밭어린이집,유아교육,대구광역시 북구 학남로 10,35.9476066,128.5658616
22811282,예림어린이집,유아교육,대구광역시 동구 화랑로37길 60,35.8797201,128.6446825
22823687,펀펀블럭,유아교육,대구광역시 달서구 조암남로 3,35.8201365,128.5244637
22851029,아이누리어린이집,유아교육,대구광역시 동구 큰고개로 23,35.8862253,128.6241342
22851034,삼익신협어린이집,유아교육,대구광역시 달서구 달구벌대로 1862,35.8607896,128.5685047
22944335,봉봉어린이실내놀이터,유아교육,대구광역시 달서구 미리샘길 11,35.8069603,128.5434507
23000404,수화어린이집,유아교육,대구광역시 서구 북비산로 389,35.878984,128.5757956
23004746,예난슬어린이집,유아교육,대구광역시 북구 성북로5길 6-45,35.8917094,128.5873964
23038657,방실방실어린이집,유아교육,대구광역시 동구 금호강변로 315,35.8614238,128.6970936
23072790,새봄도만스쿨어린이집,유아교육,대구광역시 동구 율하동로 19,35.8690242,128.6977811
23086528,블럭월드,유아교육,대구광역시 북구 서변로 77,35.9226868,128.5964912
23121580,키가쑥쑥점프점프,유아교육,대구광역시 달서구 이곡동로 74,35.8548659,128.5103271
23340530,정원숲어린이집,유아교육,대구광역시 달성군 다사읍 죽곡2길 2-10,35.857673,128.4604716
23875727,빛나는별어린이집,유아교육,대구광역시 동구 파계로6길 54-12,35.9419599,128.6387924
23947017,중리캐슬어린이집,유아교육,대구광역시 서구 국채보상로34길 12,35.8671532,128.5480703
24019257,본영어린이집,유아교육,대구광역시 달서구 와룡로2길 16,35.8338173,128.538623
24892846,아가잼어린이집,유아교육,대구광역시 북구 관음로 50,35.9347508,128.5419368
24948812,키즈스쿨,유아교육,대구광역시 남구 두류공원로20길 60,35.8466838,128.5715745
25236884,금호천년나무어린이집,유아교육,대구광역시 북구 한강로 55,35.8837143,128.6074138
25251902,큰성지어린이집,유아교육,대구광역시 동구 반야월북로12길 28-13,35.8778107,128.7033935
25262185,킨더바움어린이집,유아교육,대구광역시 달성군 구지면 창리서로6길 22,35.6576327,128.4076267
25267395,드림어린이집,유아교육,대구광역시 달서구 장기로 242,35.8453483,128.5344865
25290836,재능어린이집,유아교육,대구광역시 달성군 다사읍 서재로28길 39,35.8751328,128.4998766
25300044,이랜드파크키즈랜드,유아교육,대구광역시 수성구 지범로 191,35.8211238,128.6404645
25310057,아이비어린이집,유아교육,대구광역시 중구 남산로3안길 20,35.8603709,128.5774924
25317528,도담어린이집,유아교육,대구광역시 수성구 희망로 176-2,35.8463994,128.6179227
25328248,푸른맘어린이집,유아교육,대구광역시 달서구 상인서로10길 38,35.8162675,128.5480014
25347149,아람누리어린이집,유아교육,대구광역시 북구 경대로23길 45,35.891533,128.6173594
25347524,스카이붕붕,유아교육,대구광역시 수성구 들안로28길 24-20,35.8425659,128.6191937
25350478,상이동어린이집,유아교육,대구광역시 서구 북비산로 104-8,35.8781642,128.5443995
25352128,다정다감어린이집,유아교육,대구광역시 달서구 월배로 250,35.8190698,128.5404202
25353791,삼성명가어린이집,유아교육,대구광역시 달서구 호산로 125,35.8508393,128.4756956
25389168,푸르지오키즈어린이집,유아교육,대구광역시 북구 동북로 345,35.8990668,128.6076915
25396230,대구경찰어린이집,유아교육,대구광역시 수성구 무학로 237,35.8286574,128.6344322
25444131,문화어린이집,유아교육,대구광역시 달서구 송현로7길 51-10,35.8181416,128.5469541
25458316,로봇블록,유아교육,대구광역시 달서구 성지로 35,35.8544083,128.5197194
25458922,체리&토마토,유아교육,대구광역시 수성구 수성로32길 49-15,35.8391181,128.6146739
25465616,행운어린이집,유아교육,대구광역시 달서구 용산로12길 49,35.8425643,128.5333921
25488935,점프플레이방,유아교육,대구광역시 달서구 용산서로 14,35.8578004,128.5291261
25495458,수초앞놀이방,유아교육,대구광역시 수성구 상화로5길 31,35.8361005,128.6095246
25496180,사랑숲어린이집,유아교육,대구광역시 달서구 중흥로4길 67,35.8301927,128.5529837
25505620,아이숲베이비카페,유아교육,대구광역시 달서구 진천로 77,35.8156462,128.5219499
25563105,두산어린이집,유아교육,대구광역시 수성구 들안로16길 45,35.8383288,128.6176055
25567324,예쁜별어린이집,유아교육,대구광역시 달서구 상인로26안길 15,35.8171467,128.5459425
25581171,실내놀이터플레이방,유아교육,대구광역시 달서구 구마로39길 16,35.8381751,128.5489922
26062434,꿈별어린이집,유아교육,대구광역시 북구 칠곡중앙대로126길 7-12,35.9512537,128.5551585
26306810,엔젤어린이집,유아교육,대구광역시 달서구 선원로 122,35.85819590000001,128.5057203
26336451,요미요미대구만촌교육원,유아교육,대구광역시 수성구 화랑로12길 8,35.8710165,128.6342935
26391362,조아놀이방,유아교육,대구광역시 수성구 지산로 5,35.8225217,128.6316001
27681460,보물섬어린이집,유아교육,대구광역시 남구 대명로49길 9-5,35.8422895,128.5825209
27682707,성서예능어린이집,유아교육,대구광역시 달서구 달구벌대로283길 26,35.8517541,128.5227964
27683171,모란어린이집,유아교육,대구광역시 수성구 지산로3길 115,35.8250065,128.6262875
27683749,나경어린이집,유아교육,대구광역시 달서구 상화로 26-16,35.8091574,128.5165508
27683926,아이나라어린이집,유아교육,대구광역시 달성군 화원읍 성천로24길 12-10,35.8053698,128.4945054
27685879,종교법인성북어린이집,유아교육,대구광역시 북구 침산남로9길 6-6,35.8897561,128.5814871
27702007,은성어린이집,유아교육,대구광역시 수성구 교학로7길 16,35.8516642,128.6529999
27703297,이솝어린이집,유아교육,대구광역시 남구 희망로 31,35.8479637,128.6022081
27704173,성지어린이집,유아교육,대구광역시 동구 경안로 816,35.8750788,128.7142519
27704496,리틀삐아제어린이집,유아교육,대구광역시 달성군 다사읍 서재로 59,35.8691581,128.4957009
27708837,꿈어린이집,유아교육,대구광역시 남구 대명남로 164-2,35.83549319999999,128.5758709
27710277,도담어린이집,유아교육,대구광역시 동구 경안로101길 14-2,35.8675244,128.712212
27710900,나현어린이집,유아교육,대구광역시 동구 화랑로88길 90,35.87578999999999,128.6634638
27712670,꿈나무어린이집,유아교육,대구광역시 중구 남산로7길 35,35.85851299999999,128.5807285
27712803,아인슈타인어린이집,유아교육,대구광역시 북구 동천로 5-13,35.9323265,128.5568569
27713838,소명어린이집,유아교육,대구광역시 동구 율하동로28길 39,35.87149550000001,128.7070285
27715926,이삭어린이집,유아교육,대구광역시 달서구 성서서로73길 66,35.8582744,128.4966373
27719832,예담어린이집,유아교육,대구광역시 수성구 지범로27길 37-5,35.8251123,128.6385686
27721049,노벨어린이집,유아교육,대구광역시 남구 대명로14길 29,35.8380009,128.5650003
27725934,한사랑어린이집,유아교육,대구광역시 달서구 월배로22길 22,35.813627,128.5261383
27726633,금강어린이집,유아교육,대구광역시 수성구 수성로75길 24,35.8573112,128.6125656
27729307,효성어린이집,유아교육,대구광역시 수성구 들안로16길 34-22,35.8377086,128.6190375
27729397,늘푸른어린이집,유아교육,대구광역시 서구 통학로48길 34-3,35.8811578,128.566928
27731036,플레이스쿨어린이집,유아교육,대구광역시 달성군 논공읍 용호로1길 21-2,35.7287643,128.4477857
27731459,늘푸른어린이집,유아교육,대구광역시 동구 동촌로46길 3-3,35.8810566,128.6648898
27731951,효목어린이집,유아교육,대구광역시 동구 효목로13길 23,35.8788028,128.6401023
27733438,모모어린이집,유아교육,대구광역시 수성구 들안로64길 9,35.8589915,128.6183182
27737911,찬솔어린이집,유아교육,대구광역시 동구 방천로7길 39,35.8960802,128.6366712
27738951,피노키오어린이집,유아교육,대구광역시 수성구 지범로52길 5-11,35.8152064,128.6467235
27740006,단비어린이집,유아교육,대구광역시 동구 팔공로91길 10,35.9405787,128.6445956
27740025,백설어린이집,유아교육,대구광역시 달성군 화원읍 비슬로502길 14,35.799001,128.4920938
27740307,대교어린이집,유아교육,대구광역시 북구 대현로15길 19,35.8845998,128.6085802
27740436,하늘빛어린이집,유아교육,대구광역시 북구 대천로 101,35.9378168,128.5612001
27740482,초록나라어린이집,유아교육,대구광역시 달서구 한들로 55,35.8457471,128.529108
27740563,우방어린이집,유아교육,대구광역시 달서구 상인서로 65,35.8154748,128.5425316
27741090,아이별어린이집,유아교육,대구광역시 북구 고성로34길 63,35.8799004,128.5868329
27741337,글로리아어린이집,유아교육,대구광역시 북구 팔거천서로 181,35.9401993,128.5559102
27741803,래미안호수어린이집,유아교육,대구광역시 달성군 화원읍 비슬로539길 35,35.8113563,128.5071062
27742019,아이세상어린이집,유아교육,대구광역시 동구 반야월북로 269-20,35.8732805,128.727488
27742062,녹원어린이집,유아교육,대구광역시 수성구 천을로8길 17,35.8442944,128.6967721
27742431,우정어린이집,유아교육,대구광역시 동구 팔공로24길 131-6,35.9097707,128.6483651
27742627,아이비어린이집,유아교육,대구광역시 달서구 진천로3길 31,35.8099238,128.5244054
27742835,아진어린이집,유아교육,대구광역시 북구 관음중앙로28길 34,35.9421857,128.5463035
27742857,예알어린이집,유아교육,대구광역시 수성구 청호로96안길 11,35.8571465,128.6465734
27743527,하얀나라어린이집,유아교육,대구광역시 달서구 평리로 108,35.8583574,128.5362402
27743683,황소나무어린이집,유아교육,대구광역시 서구 서대구로6길 31,35.861348,128.5609252
27744021,소원어린이집,유아교육,대구광역시 동구 아양로52길 17,35.8864716,128.6406968
27744117,가야어린이집,유아교육,대구광역시 달서구 월곡로26길 15-15,35.8093328,128.5491643
27744252,계명문화대학교부설어린이집,유아교육,대구광역시 달서구 달서대로 675,35.859196,128.4892779
27744578,예본어린이집,유아교육,대구광역시 달서구 문화회관2길 47,35.8476068,128.5193418
27744585,조은어린이집,유아교육,대구광역시 북구 동천로 156,35.9452623,128.5625883
27745055,딩동댕어린이집,유아교육,대구광역시 동구 효목로1길 85,35.876841,128.6386801
27745298,세인어린이집,유아교육,대구광역시 서구 평리로 229,35.862472,128.5484045
27745453,보문어린이집,유아교육,대구광역시 달성군 다사읍 다사로 82-2,35.8676114,128.4587219
27745713,우주과학어린이집,유아교육,대구광역시 달서구 야외음악당로11길 14-7,35.8420113,128.5519178
27746039,리오바어린이집,유아교육,대구광역시 수성구 달구벌대로528길 15,35.8540385,128.6481314
27746117,세광어린이집,유아교육,대구광역시 달서구 달구벌대로304길 60,35.8469913,128.5320842
27746776,써머힐어린이집,유아교육,대구광역시 서구 국채보상로34안길 1-1,35.8684862,128.5496496
27746798,꿈꽃어린이집,유아교육,대구광역시 동구 송라로 110,35.8768631,128.6168524
27746981,하늘나무어린이집,유아교육,대구광역시 북구 대천로 100,35.9351608,128.5606006
27747184,무지개어린이집,유아교육,대구광역시 북구 태전로7길 30-13,35.9230893,128.5412067
27747366,신동아어린이집,유아교육,대구광역시 달성군 화원읍 비슬로539길 38,35.8112907,128.5091961
27747441,꼬망쎄어린이집,유아교육,대구광역시 북구 연암로33길 5,35.8985192,128.5951799
27747449,꿈그리기어린이집,유아교육,대구광역시 달서구 장기로 242,35.8453483,128.5344865
27748184,보람어린이집,유아교육,대구광역시 달서구 월배로32길 96,35.8131106,128.5344818
27748203,하늘꿈어린이집,유아교육,대구광역시 달서구 조암로14길 5,35.8235711,128.5218346
27748215,뉴다솔어린이집,유아교육,대구광역시 남구 성당로34길 36,35.8473286,128.5707411
27748541,한나어린이집,유아교육,대구광역시 남구 희망로7길 22,35.8488366,128.6028346
27748600,문화어린이집,유아교육,대구광역시 달서구 송현로7길 51-16,35.8182886,128.5471444
27748663,복현그림어린이집,유아교육,대구광역시 북구 경진로 22-12,35.8944475,128.61443
27748690,이레키즈어린이집,유아교육,대구광역시 북구 대천로7길 40,35.9411571,128.5553871
27748871,둥지어린이집,유아교육,대구광역시 동구 안심로16길 71,35.8617025,128.694257
27748945,소리나는어린이집,유아교육,대구광역시 달서구 새동네로 34,35.8517496,128.5192581
27749011,다애어린이집,유아교육,대구광역시 달서구 명덕로2길 87,35.8581591,128.5706881
27749187,네오빌튼튼어린이집,유아교육,대구광역시 북구 동천로 97,35.9409253,128.5592946
27749541,아이림어린이집,유아교육,대구광역시 북구 동북로55길 3,35.893913,128.6205647
27749603,해송어린이집,유아교육,대구광역시 북구 태전로19길 7-10,35.9270304,128.5412768
27749794,연제어린이집,유아교육,대구광역시 달서구 감삼남길 49,35.8480373,128.5398616
27749906,한라어린이집,유아교육,대구광역시 북구 구암로 170,35.9307246,128.5588371
27750029,키즈어린이집,유아교육,대구광역시 달성군 화원읍 명곡로 11,35.7991493,128.4981201
27750212,개나리어린이집,유아교육,대구광역시 북구 대학로13길 58-1,35.8969658,128.6078695
27750451,한솔어린이집,유아교육,대구광역시 달서구 성지로16길 69-6,35.8578193,128.5225295
27751213,하늘꿈어린이집,유아교육,대구광역시 북구 구암로32길 14,35.9306626,128.5568718
27751246,늘봄어린이집,유아교육,대구광역시 수성구 범어로26길 9,35.8611373,128.6363175
27752357,동그라미어린이집,유아교육,대구광역시 달성군 화원읍 비슬로520길 6,35.8035226,128.5002751
27752742,요나어린이집,유아교육,대구광역시 북구 경대로23길 80-7,35.8929563,128.6162683
27753070,미래어린이집,유아교육,대구광역시 북구 팔거천동로 52,35.9289195,128.5547242
27753353,청아어린이집,유아교육,대구광역시 달서구 이곡공원로1길 16,35.8562238,128.5082919
27753396,하늘나무어린이집,유아교육,대구광역시 달서구 용산서로 21,35.85688409999999,128.5280294
27753863,서머힐아이사랑어린이집,유아교육,대구광역시 달서구 선원남로 77,35.8581658,128.5085811
27754704,미소어린이집,유아교육,대구광역시 달성군 논공읍 논공로5길 121,35.7293603,128.4423769
27756782,예원어린이집,유아교육,대구광역시 서구 달서로26길 13,35.873151,128.5727158
27758494,뿌리어린이집,유아교육,대구광역시 서구 북비산로57길 16,35.8808593,128.5640851
27761739,영재어린이집,유아교육,대구광역시 서구 평리로 146,35.8584755,128.5404528
27762286,별하어린이집,유아교육,대구광역시 달서구 상화로59길 33,35.8099047,128.5454913
27765914,남동어린이집,유아교육,대구광역시 달성군 논공읍 남리길 32-6,35.7245394,128.4493151
27767052,기쁨어린이집,유아교육,대구광역시 달서구 야외음악당로39길 41,35.853856,128.5543691
27767455,은하수어린이집,유아교육,대구광역시 달서구 달구벌대로301길 58,35.852352,128.5321543
27767932,애림어린이집,유아교육,대구광역시 서구 국채보상로46길 37-11,35.8674954,128.557342
27768196,임마누엘어린이집,유아교육,대구광역시 달성군 화원읍 명천로 57,35.80382410000001,128.511514
27769613,에코어린이집,유아교육,대구광역시 동구 동북로72길 26-3,35.8876925,128.626063
27770341,동양어린이집,유아교육,대구광역시 서구 통학로13길 6,35.866122,128.5621414
27773484,희락어린이집,유아교육,대구광역시 달서구 성서로72길 134,35.8492357,128.5150924
27774112,창의나라어린이집,유아교육,대구광역시 서구 문화로51길 9,35.8767088,128.5606027
27776223,대양강북어린이집,유아교육,대구광역시 북구 동호안길 38,35.9640457,128.5567647
27777223,해맑은어린이집,유아교육,대구광역시 수성구 들안로32길 17,35.8445734,128.6179163
27777468,애플홈스쿨어린이집,유아교육,대구광역시 동구 팔공로51길 10,35.9222476,128.6368258
27779376,꿈동산어린이집,유아교육,대구광역시 서구 통학로31길 10,35.8738337,128.5619357
27780175,한국어린이집,유아교육,대구광역시 달서구 중흥로8길 112,35.826839,128.5521658
27782719,하늘꿈어린이집,유아교육,대구광역시 남구 대경2길 5,35.84691100000001,128.5732533
27782837,우주과학어린이집,유아교육,대구광역시 북구 오봉로6길 7,35.8903643,128.5776159
27783470,민들레어린이집,유아교육,대구광역시 서구 서대구로42길 15,35.8771119,128.5566796
27783741,키즈아이어린이집,유아교육,대구광역시 서구 달구벌대로329길 97,35.8578997,128.5444292
27783911,평광어린이집,유아교육,대구광역시 달성군 화원읍 비슬로525길 37,35.8077803,128.5011737
27785176,배꼽놀이방,유아교육,대구광역시 동구 동호로 88,35.8657254,128.7270989
27785499,베베스쿨어린이집,유아교육,대구광역시 동구 신암로16길 16,35.8766621,128.6099691
27785864,인지어린이집,유아교육,대구광역시 서구 서대구로68길 12,35.888341,128.565835
27786510,형설어린이집,유아교육,대구광역시 동구 해동로 155,35.888018,128.6464499
27787215,뉴샛별어린이집,유아교육,대구광역시 북구 연암로 82-5,35.8924045,128.595411
27787613,에트라움어린이집,유아교육,대구광역시 북구 학남로1길 29,35.9499109,128.5662071
27787959,북동아이사랑어린이집,유아교육,대구광역시 달성군 논공읍 논공로15길 16,35.729617,128.4416863
27788822,애플트리어린이집,유아교육,대구광역시 수성구 지산로11길 6-9,35.8264429,128.633061
27788900,멘토르어린이집,유아교육,대구광역시 수성구 달구벌대로652길 16,35.8366046,128.7111906
27788962,신솔정어린이집,유아교육,대구광역시 달성군 옥포면 비슬로455길 24,35.7915911,128.4690996
27789496,리라어린이집,유아교육,대구광역시 달서구 월배로40길 77,35.8155172,128.5379107
27789840,홍익어린이집,유아교육,대구광역시 서구 국채보상로34길 39-17,35.8659251,128.5507459
27791446,데레사어린이집,유아교육,대구광역시 달서구 성지로 42,35.8530316,128.5202152
27792552,월성별나라어린이집,유아교육,대구광역시 달서구 구마로14남길 55,35.8333049,128.5324455
27792599,피카소어린이집,유아교육,대구광역시 동구 팔공로31길 1-9,35.9125085,128.6402119
27794389,푸른빛어린이집,유아교육,대구광역시 북구 관음로 24,35.9322923,128.5412617
27794483,다사어린이집,유아교육,대구광역시 달성군 다사읍 다사역로1길 30,35.8621271,128.4565323
27795666,아성어린이집,유아교육,대구광역시 북구 도남길 148-46,35.9609127,128.5859228
27797680,청록푸르나어린이집,유아교육,대구광역시 서구 통학로 176-31,35.8763622,128.5635948
27799199,성모어린이집,유아교육,대구광역시 북구 대동로3길 5,35.8983925,128.6085927
27800027,아기천사어린이집,유아교육,대구광역시 달서구 한들로 70,35.8454555,128.5269595
27800041,샛별리틀어린이집,유아교육,대구광역시 북구 검단로 255,35.915797,128.6288427
27805018,혜원어린이집,유아교육,대구광역시 달성군 화원읍 명천로 231,35.7982766,128.4946805
27805822,헬로우어린이집,유아교육,대구광역시 수성구 지범로46길 3,35.8172887,128.644671
27806844,예쁜손어린이집,유아교육,대구광역시 동구 율하동로26길 22,35.8701383,128.7047054
27807346,큰별어린이집,유아교육,대구광역시 달서구 선원로23북길 16-10,35.8611222,128.5047202
27807935,엘리트어린이집,유아교육,대구광역시 북구 칠곡중앙대로43길 13,35.9150239,128.546879
27808633,사랑어린이집,유아교육,대구광역시 달서구 학산로 30,35.8276817,128.5336276
27809493,별초롱어린이집,유아교육,대구광역시 서구 서대구로21길 22,35.8678063,128.5528728
27811205,예일어린이집,유아교육,대구광역시 북구 대천로7길 53,35.9420641,128.5547451
27811332,꿈동산어린이집,유아교육,대구광역시 달서구 성지로 12,35.8530823,128.5168255
27811699,병아리어린이집,유아교육,대구광역시 남구 명덕로14길 128,35.8530495,128.5763576
27812782,로사어린이집,유아교육,대구광역시 달서구 월성로 77,35.8295771,128.5287383
27813126,하늘사랑어린이집,유아교육,대구광역시 중구 남산로7길 75,35.8593543,128.5791425
27813643,아이성어린이집,유아교육,대구광역시 서구 국채보상로83길 49,35.8756384,128.5761491
27813724,참좋은어린이집,유아교육,대구광역시 남구 중앙대로 126,35.8443975,128.5910558
27815346,아기와사람들어린이집,유아교육,대구광역시 수성구 청수로 213,35.8405238,128.6312601
27815413,키즈브라운어린이집,유아교육,대구광역시 수성구 파동로38길 45-3,35.8189954,128.614636
27815908,비산어린이집,유아교육,대구광역시 서구 북비산로59길 15-6,35.8807001,128.5651716
27816025,예쁜별어린이집,유아교육,대구광역시 달서구 상화북로43길 71,35.817307,128.5459657
27816811,신천어린이집,유아교육,대구광역시 동구 송라로6길 22,35.8702814,128.6221499
27817030,반야월중앙어린이집,유아교육,대구광역시 동구 경안로101길 46,35.867502,128.7086817
27817059,꿀벌어린이집,유아교육,대구광역시 동구 신암로20길 73,35.8773608,128.6136513
27817369,금봉어린이집,유아교육,대구광역시 달서구 야외음악당로39안길 61,35.8518415,128.552225
27817724,서대구어린이집,유아교육,대구광역시 서구 평리로35길 10,35.8608228,128.5435966
27818054,구암어린이집,유아교육,대구광역시 북구 구암로42길 13-20,35.9302986,128.5630209
27818489,경북어린이집,유아교육,대구광역시 남구 중앙대로40길 10-1,35.8498513,128.5914538
27818877,고산어린이집,유아교육,대구광역시 수성구 시지로 11,35.842017,128.6926785
27820582,우방미래어린이집,유아교육,대구광역시 달서구 용산로 160,35.8511702,128.5311932
27820896,건영캐스빌어린이집,유아교육,대구광역시 달성군 다사읍 서재로12길 41-16,35.8670704,128.4948707
27821294,파란나라어린이집,유아교육,대구광역시 수성구 청수로3길 61-15,35.844141,128.6099326
27821733,하나어린이집,유아교육,대구광역시 북구 칠곡중앙대로43길 33,35.9150643,128.5445336
27821778,아시아복지재단선화어린이집,유아교육,대구광역시 수성구 노변공원로 49-1,35.8376078,128.6985754
27821818,아기둥지어린이집,유아교육,대구광역시 북구 동북로서37길 10,35.8995444,128.6123092
27822496,청산어린이집,유아교육,대구광역시 동구 송라로3길 13-3,35.8694154,128.61916
27823532,세명어린이집,유아교육,대구광역시 동구 팔공로23길 17-1,35.908845,128.6381096
27824444,지산어린이집,유아교육,대구광역시 수성구 지산로14길 29,35.827079,128.6356681
27824452,청운어린이집,유아교육,대구광역시 수성구 들안로 396-22,35.8659924,128.6191101
27824659,물망이어린이집,유아교육,대구광역시 수성구 청수로 213,35.8405238,128.6312601
27824774,대구신망재단중동어린이집,유아교육,대구광역시 수성구 희망로 121,35.8475142,128.6121338
27825512,백합어린이집,유아교육,대구광역시 중구 남산로4길 111,35.8621686,128.5855728
27827424,예은어린이집,유아교육,대구광역시 달서구 한실로 30,35.8065976,128.53001
27827508,소암어린이집,유아교육,대구광역시 수성구 청솔로 119,35.8574106,128.6207562
27827788,영지어린이집,유아교육,대구광역시 북구 산격로서9길 6-1,35.8952123,128.6022434
27828440,박애어린이집,유아교육,대구광역시 남구 대명서2길 45,35.8319972,128.5626909
27829093,한마음어린이집,유아교육,대구광역시 북구 대천로9길 11-17,35.9388046,128.5538345
27830479,엘리트어린이집,유아교육,대구광역시 남구 현충로25길 42-9,35.8445787,128.5775096
27831637,수성어린이집,유아교육,대구광역시 수성구 명덕로76길 80-1,35.8510465,128.6112365
27831717,주홍어린이집,유아교육,대구광역시 동구 화랑로75길 25-3,35.8785145,128.6657767
27831744,도동어린이집,유아교육,대구광역시 동구 팔공로26길 48,35.9098887,128.6457049
27832001,월배어린이집,유아교육,대구광역시 달서구 상화로9길 102-10,35.812517,128.5210552
27833512,센트로팰리스어린이집,유아교육,대구광역시 중구 대봉로 260,35.8618872,128.6018572
27834165,토토어린이집,유아교육,대구광역시 달서구 계대동문로 99,35.85623289999999,128.5031315
27834624,별하나어린이집,유아교육,대구광역시 수성구 파동로51길 64,35.8232593,128.6086484
27834880,큰별어린이집,유아교육,대구광역시 북구 관음중앙로33길 3-9,35.9456399,128.5491825
27834977,앙팡어린이집,유아교육,대구광역시 달서구 선원로 100,35.8583974,128.5032348
27835572,용화사어린이집,유아교육,대구광역시 달서구 장산2길 47,35.8566355,128.5251148
27836816,남산교회어린이집,유아교육,대구광역시 중구 관덕정길 16,35.86504010000001,128.5905646
27838383,달서어린이집,유아교육,대구광역시 달서구 대명천로8길 10,35.8392646,128.5558903
27839377,한국예술어린이집,유아교육,대구광역시 수성구 용학로34길 8,35.8220918,128.6271201
27839633,범어어린이집,유아교육,대구광역시 수성구 범어천로 97,35.8556301,128.6220664
27839950,다니엘어린이집,유아교육,대구광역시 달서구 계대동문로 99,35.85623289999999,128.5031315
27840147,신애어린이집,유아교육,대구광역시 서구 북비산로33길 9-2,35.8802417,128.5515051
27840299,방촌어린이집,유아교육,대구광역시 동구 동촌로41길 34-4,35.8838628,128.6639985
27840609,꿈동산어린이집,유아교육,대구광역시 북구 연암로 183,35.9003319,128.5951469
27841022,나미어린이집,유아교육,대구광역시 수성구 수성로75길 16,35.8577602,128.6132422
27841146,삼덕어린이집,유아교육,대구광역시 수성구 범어천로 57,35.8521245,128.6231794
27841407,조야어린이집,유아교육,대구광역시 북구 고촌길 15-6,35.90951,128.5787245
27841500,예지원어린이집,유아교육,대구광역시 수성구 상화로 58,35.834646,128.6133775
27844243,숲속나라어린이집,유아교육,대구광역시 북구 학정로 82-52,35.915668,128.5510971
27845424,두리어린이집,유아교육,대구광역시 달서구 학산로7길 27,35.8305655,128.5302689
27846030,즐거운어린이집,유아교육,대구광역시 북구 검단로 123,35.9076542,128.6206154
27846053,채송화어린이집,유아교육,대구광역시 남구 대덕로 193,35.8416605,128.6038751
27846901,성산어린이집,유아교육,대구광역시 서구 옥산로6길 9,35.885748,128.5788694
27848416,도담어린이집,유아교육,대구광역시 달서구 한들로 31,35.8475006,128.5284034
27850672,기쁨어린이집,유아교육,대구광역시 서구 평리로50길 36-32,35.8591491,128.5497269
27855240,미생회한나어린이집,유아교육,대구광역시 북구 대불서길 5,35.9000485,128.6145685
27856790,소망어린이집,유아교육,대구광역시 달서구 앞산순환로61길 68,35.830792,128.5588584
27857639,침산제일어린이집,유아교육,대구광역시 북구 중앙대로 618,35.8878151,128.5986552
27858995,대명어린이집,유아교육,대구광역시 남구 대명역1길 53,35.8388513,128.5675755
27860793,DGB아이꿈터어린이집,유아교육,대구광역시 수성구 달구벌대로 2271-5,35.8609726,128.6109152
27862522,팅커벨어린이집,유아교육,대구광역시 달서구 도원남로 40,35.8034567,128.5340243
27864364,장미어린이집,유아교육,대구광역시 수성구 수성로57길 62,35.8517638,128.6098625
27867528,아이사랑한솔어린이집,유아교육,대구광역시 동구 신암남로28길 50-3,35.8832358,128.632723
27867737,도담어린이집,유아교육,대구광역시 북구 칠곡중앙대로95길 58,35.9392249,128.5431211
27868632,해바라기어린이집,유아교육,대구광역시 달서구 상화로 235,35.8105373,128.5389383
27869550,큐리어스어린이집,유아교육,대구광역시 달서구 당산로30길 42-7,35.8472878,128.5514805
27870707,무궁화어린이집,유아교육,대구광역시 남구 장전1길 221,35.8436791,128.5790429
27871524,하나어린이집,유아교육,대구광역시 달서구 월배로40길 139,35.8135994,128.540278
27874373,해오름어린이집,유아교육,대구광역시 서구 달구벌대로371길 39,35.86456450000001,128.5671298
27875502,딱지와구슬어린이집,유아교육,대구광역시 북구 관음동로13길 13-22,35.9380588,128.5456766
27875982,마더베어어린이집,유아교육,대구광역시 북구 동북로 163,35.9004363,128.6111596
27876489,대구근로복지공단어린이집,유아교육,대구광역시 서구 서대구로17길 28,35.8651448,128.5526439
27876908,선린어린이집,유아교육,대구광역시 북구 관음동로9길 10-25,35.9378261,128.5455021
27877543,아이맘어린이집,유아교육,대구광역시 달서구 장기로 145,35.8420886,128.5430537
27877861,다사랑어린이집,유아교육,대구광역시 달서구 용산로 160,35.8511702,128.5311932
27878233,아장이어린이집,유아교육,대구광역시 달서구 한실로 117,35.8082468,128.5381737
27879136,동그라미어린이집,유아교육,대구광역시 중구 달구벌대로 1960,35.8626812,128.5785522
27880908,한울어린이집,유아교육,대구광역시 북구 대천로 100,35.9351608,128.5606006
27881019,부영어린이집,유아교육,대구광역시 북구 학정동로 7,35.9448471,128.5655958
27881170,데시앙어린이집,유아교육,대구광역시 달서구 조암남로 123,35.8177859,128.5207056
27881313,트리니티어린이집,유아교육,대구광역시 서구 서대구로3길 69,35.8580916,128.5493941
27881829,꼬마천사어린이집,유아교육,대구광역시 달서구 장기로 145,35.8420886,128.5430537
27883810,국공립죽곡휴먼시아어린이집,유아교육,대구광역시 달성군 다사읍 대실역북로1길 6,35.8593785,128.4667228
27884168,햇빛어린이집,유아교육,대구광역시 달서구 한실로 135,35.8074717,128.5409723
27884622,아이숲어린이집,유아교육,대구광역시 달서구 조암로6길 20,35.8273876,128.5265302
27884855,노마어린이집,유아교육,대구광역시 북구 도남길 257-1,35.9696477,128.5886029
27884859,한서어린이집,유아교육,대구광역시 달성군 다사읍 달구벌대로 802-1,35.8608272,128.4593959
27885936,장기초록나라어린이집,유아교육,대구광역시 달서구 한들로 55,35.8457471,128.529108
27887090,선우어린이집,유아교육,대구광역시 동구 율하서로 59,35.8640922,128.6920047
27887206,꿈사랑어린이집,유아교육,대구광역시 달서구 장기로 145,35.8420886,128.5430537
27887229,동천어린이집,유아교육,대구광역시 북구 동천로24길 12,35.9407179,128.5616484
27887770,오즈어린이집,유아교육,대구광역시 달서구 상인서로 46,35.8150527,128.5443922
27889878,자연아이어린이집,유아교육,대구광역시 서구 문화로 321-1,35.8761417,128.5679388
27890670,해나라어린이집,유아교육,대구광역시 달서구 구마로14남길 55,35.8333049,128.5324455
27890921,월드비전어린이집,유아교육,대구광역시 수성구 범안로 79,35.82002670000001,128.6458761
27895463,로이스어린이집,유아교육,대구광역시 달서구 진천로3길 85-11,35.8097534,128.5215019
27895563,아이숲어린이집,유아교육,대구광역시 북구 검단로 34,35.9006787,128.6168111
27895904,영진어린이집,유아교육,대구광역시 북구 관음동로9길 22,35.9375917,128.5447313
27896031,안델센어린이집,유아교육,대구광역시 달성군 화원읍 인흥길 41,35.80061570000001,128.4996428
27896771,꿈동이세상어린이집,유아교육,대구광역시 북구 구암로49길 24,35.9341198,128.5632818
27896789,샤론어린이집,유아교육,대구광역시 달서구 장기로 145,35.8420886,128.5430537
27896902,단비어린이집,유아교육,대구광역시 달서구 장산로 20,35.8548211,128.5279958
27897037,꿈나무어린이집,유아교육,대구광역시 서구 달서로12길 49-3,35.8692925,128.5755273
27898804,큰사랑어린이집,유아교육,대구광역시 동구 반야월북로 263,35.8727102,128.7265658
27898847,꿈어린이집,유아교육,대구광역시 달서구 용산로 259,35.8608583,128.5289836
27902939,지묘어린이집,유아교육,대구광역시 동구 파계로 117,35.9442261,128.6370394
27903749,안델센어린이집,유아교육,대구광역시 달서구 장기로 145,35.8420886,128.5430537
27904080,예영어린이집,유아교육,대구광역시 달서구 월배로 124-8,35.8145449,128.5276892
27905205,상인어린이집,유아교육,대구광역시 달서구 상화로 371,35.8092074,128.5529223
27905433,대구프뢰벨어린이집,유아교육,대구광역시 중구 중앙대로62길 15,35.8603464,128.5934284
27905772,꼬마리더어린이집,유아교육,대구광역시 서구 통학로13길 19,35.8654539,128.5610294
27906888,글로벌씨앤씨어린이집,유아교육,대구광역시 달서구 월곡로 113-15,35.8067518,128.5490768
27908722,무지개놀이방,유아교육,대구광역시 수성구 청수로35길 150,35.8427564,128.6357013
27909525,리틀꾸러기어린이집,유아교육,대구광역시 달서구 조암남로 132,35.8186862,128.5186531
27911379,수정어린이집,유아교육,대구광역시 북구 매천로2길 19,35.8983874,128.5433249
27911769,킨더리베어린이집,유아교육,대구광역시 수성구 동대구로77길 34-27,35.8658636,128.6245005
27913835,청아람어린이집,유아교육,대구광역시 달성군 다사읍 대실역북로 26,35.8585531,128.4685161
27917938,누리어린이집,유아교육,대구광역시 달성군 다사읍 매곡로4길 9,35.8639266,128.4537744
27918587,스마일어린이집,유아교육,대구광역시 달서구 와룡로53길 72-9,35.8573121,128.5331507
27919228,애플비어린이집,유아교육,대구광역시 달서구 조암로6길 20,35.8273876,128.5265302
27919464,라온어린이집,유아교육,대구광역시 달서구 조암남로14길 57,35.8233315,128.5251222
27919538,오즈어린이집,유아교육,대구광역시 달성군 다사읍 서재로30길 17,35.8766763,128.4997633
27919856,카톨릭소화어린이집,유아교육,대구광역시 남구 현충로39길 74,35.8500685,128.5771741
27921617,성서어린이집,유아교육,대구광역시 달서구 성서서로 89,35.8330155,128.4997252
27921675,창도복지재단아이사랑어린이집,유아교육,대구광역시 달서구 야외음악당로47길 142,35.8588107,128.5636288
27922609,꼬마랜드어린이집,유아교육,대구광역시 북구 동천로 155,35.9454523,128.5603186
27924763,ABC어린이집,유아교육,대구광역시 동구 화랑로80길 9,35.8757245,128.6702307
27924991,예그린어린이집,유아교육,대구광역시 달성군 논공읍 논공로9길 27,35.7300895,128.4391675
27925716,비산4동어린이집,유아교육,대구광역시 서구 국채보상로76길 34,35.8690472,128.5717816
27926106,화원어린이집,유아교육,대구광역시 달성군 화원읍 비슬로530길 15-12,35.8053003,128.5066561
27927059,달성어린이집,유아교육,대구광역시 달성군 현풍면 현풍중앙로10길 74,35.6958092,128.4490169
27928128,라온어린이집,유아교육,대구광역시 서구 국채보상로46길 49-11,35.8663887,128.557115
27928313,해와달어린이집,유아교육,대구광역시 북구 도남길 57-1,35.9540283,128.5805954
27929166,국공립매곡어린이집,유아교육,대구광역시 달성군 다사읍 매곡로14길 11,35.8669116,128.4552719
27929745,상록수어린이집,유아교육,대구광역시 달서구 월배로23길 51,35.8168841,128.5253719
27931062,큰뫼생태어린이집,유아교육,대구광역시 북구 학정로42길 26-24,35.9250503,128.5583817
27931359,지산원광어린이집,유아교육,대구광역시 수성구 용학로 325,35.8246661,128.6422859
27931428,가창어린이집,유아교육,대구광역시 달성군 가창면 퇴계길 5,35.7804826,128.650954
27931852,애플어린이집,유아교육,대구광역시 달성군 화원읍 비슬로508길 22,35.8000184,128.4954503
27932246,이화어린이집,유아교육,대구광역시 달서구 구마로12길 89,35.8328494,128.5351498
27933620,태양빛어린이집,유아교육,대구광역시 달서구 월서로3길 15,35.8202684,128.534812
27938052,대구광역시청어린이집,유아교육,대구광역시 중구 동덕로 182,35.8708441,128.6046136
27938064,천내어린이집,유아교육,대구광역시 달성군 화원읍 화원로7길 55,35.8057464,128.496527
27938940,효성어린이집,유아교육,대구광역시 달서구 송현로 113,35.8279186,128.5433235
27941351,공립구지어린이집,유아교육,대구광역시 달성군 구지면 창리중앙3길 12,35.657386,128.4120354
27942226,내당어린이집,유아교육,대구광역시 서구 달서로5길 11-10,35.8638337,128.5695617
27942278,예원어린이집,유아교육,대구광역시 북구 칠성로 105-21,35.8792965,128.6007009
27947372,영남아진어린이집,유아교육,대구광역시 북구 서변로 120,35.9265474,128.5977003
27948996,서재어린이집,유아교육,대구광역시 달성군 다사읍 서재로20길 23,35.8712737,128.4995544
27949335,양지어린이집,유아교육,대구광역시 남구 삼각지6길 16,35.8507519,128.5823647
27949742,국민연금어린이집,유아교육,대구광역시 달서구 성서로 419,35.855018,128.5067464
27950910,다빈치예능원어린이집,유아교육,대구광역시 수성구 화랑로2길 39,35.86809520000001,128.6329514
27955833,가톨릭소화어린이집,유아교육,대구광역시 달서구 월곡로51길 77,35.8147496,128.5362235
27955997,남도어린이집,유아교육,대구광역시 남구 장전3길 132,35.8423482,128.578203
27957863,대구예술어린이집,유아교육,대구광역시 달서구 죽전1안길 14,35.8528392,128.5403271
27961818,미소어린이집,유아교육,대구광역시 달서구 상화로35안길 31-3,35.8110266,128.5316827
27963334,숲속파브르어린이집,유아교육,대구광역시 달서구 성지로14안길 37,35.8572072,128.5219354
27963352,꿈그린어린이집,유아교육,대구광역시 동구 동호로 88,35.8657254,128.7270989
27963418,꼬꼬마어린이집,유아교육,대구광역시 북구 구암로49길 10,35.934181,128.5652328
27965148,칼라풀어린이집,유아교육,대구광역시 북구 복현로2길 34,35.8920708,128.6257607
27965631,두류예능어린이집,유아교육,대구광역시 달서구 두류남길 101-13,35.8563792,128.5691142
27966948,명문어린이집,유아교육,대구광역시 서구 문화로 146-1,35.874,128.5487663
27968046,들마을어린이집,유아교육,대구광역시 서구 국채보상로60길 48-1,35.8674949,128.5642096
27974225,키즈하늘성어린이집,유아교육,대구광역시 북구 팔거천동로4길 41-14,35.92775,128.5552191
27974476,현풍아이세상어린이집,유아교육,대구광역시 달성군 현풍면 현풍중앙로10길 64,35.6953956,128.4489792
27976061,아이러브어린이집,유아교육,대구광역시 달서구 와룡로58길 33,35.8580426,128.5395286
27976687,대구법원어린이집,유아교육,대구광역시 수성구 세진로 26,35.8616572,128.6385505
27977835,예지어린이집,유아교육,대구광역시 달서구 송현로7길 10,35.8215932,128.5454915
27978899,월성아이세상어린이집,유아교육,대구광역시 달서구 조암남로10길 42,35.8228397,128.5260829
27979486,동그라미숲어린이집,유아교육,대구광역시 달서구 중흥로8길 58-4,35.8289625,128.5539358
27979769,은혜어린이집,유아교육,대구광역시 달서구 선원로53길 34-10,35.8601533,128.5224297
27981968,숲소리어린이집,유아교육,대구광역시 동구 신평로 47,35.8791287,128.6749141
27983916,분도어린이집,유아교육,대구광역시 서구 달구벌대로365길 3,35.8610365,128.5633478
27986422,한사랑어린이집,유아교육,대구광역시 서구 북비산로71길 18-1,35.8810542,128.5731803
27988172,아이숲어린이집,유아교육,대구광역시 동구 동부로 26,35.8716397,128.6278959
27989149,꽃동산어린이집,유아교육,대구광역시 동구 반야월북로 258,35.872495,128.7257776
27989211,푸른맘어린이집,유아교육,대구광역시 달서구 상인서로10길 40,35.8163526,128.5481293
27989240,꼬야어린이집,유아교육,대구광역시 북구 오봉로 36-14,35.8904843,128.578154
27989336,본슐레어린이집,유아교육,대구광역시 달서구 장기로 145,35.8420886,128.5430537
27989844,래미안숲속어린이집,유아교육,대구광역시 달성군 화원읍 비슬로539길 35,35.8113563,128.5071062
27990331,도레미어린이집,유아교육,대구광역시 동구 신암로16길 22,35.8768176,128.6105916
27992474,토마스어린이집,유아교육,대구광역시 북구 복현로 137,35.9014969,128.6170158
27993537,린덴어린이집,유아교육,대구광역시 동구 신서로 71-80,35.8754773,128.7192035
27993920,국공립서재휴먼시아어린이집,유아교육,대구광역시 달성군 다사읍 서재로14길 2,35.8685892,128.4972753
27995458,리틀수성어린이집,유아교육,대구광역시 수성구 명덕로76길 80,35.8510131,128.6114244
27995466,한세어린이집,유아교육,대구광역시 달서구 와룡로51길 72-20,35.8564467,128.5333797
27995533,아이리더어린이집,유아교육,대구광역시 동구 율하동로19길 23-1,35.8684826,128.6992969
27998184,푸른아이뜰어린이집,유아교육,대구광역시 북구 구암로49길 10,35.934181,128.5652328
27998991,썸머힐어린이집,유아교육,대구광역시 달서구 조암남로27길 10,35.8174702,128.5195029
27999422,국공립하빈어린이집,유아교육,대구광역시 달성군 하빈면 하빈로 404,35.9006147,128.4434519
27999548,성당키즈월드어린이집,유아교육,대구광역시 달서구 장기로 115,35.8422622,128.5478901
27999899,캐슬수성어린이집,유아교육,대구광역시 수성구 명덕로 455,35.8552805,128.6197752
28000002,맘앤유어린이집,유아교육,대구광역시 북구 학정로110길 29,35.9535332,128.5672706
28001729,하늘꿈어린이집,유아교육,대구광역시 동구 안심로16길 29,35.8654921,128.6943178
28003170,영재원어린이집,유아교육,대구광역시 남구 안지랑로16길 78-1,35.8365739,128.5756717
28003910,세원어린이집,유아교육,대구광역시 동구 효목로17길 50,35.8818363,128.6401466
28004239,이튼어린이집,유아교육,대구광역시 달성군 논공읍 논공로17길 16-8,35.7296717,128.443221
28004287,예본어린이집,유아교육,대구광역시 달성군 다사읍 달구벌대로 802-3,35.8603137,128.458392
28004525,파크예은어린이집,유아교육,대구광역시 달서구 송현로7길 10,35.8215932,128.5454915
28005273,아이원어린이집,유아교육,대구광역시 동구 율하동로23길 29-2,35.8698982,128.698893
28006504,그린맘어린이집,유아교육,대구광역시 달서구 도원로 45,35.8054156,128.537411
28008070,은송어린이집,유아교육,대구광역시 남구 대명로 117,35.8402096,128.570047
28009260,정우어린이집,유아교육,대구광역시 달서구 중흥로12길 58,35.827395,128.5557212
28010425,상인화성파크어린이집,유아교육,대구광역시 달서구 송현로7길 20,35.8215932,128.5454915
28013310,아가별몬테소리어린이집,유아교육,대구광역시 달성군 다사읍 대실역남로 35,35.8541585,128.4654556
28016808,꼬마또래어린이집,유아교육,대구광역시 남구 효동2길 16,35.8376914,128.6007535
28017549,은초롱어린이집,유아교육,대구광역시 달성군 다사읍 서재본1길 11,35.8732941,128.4961707
28017576,대현휴먼시아어린이집,유아교육,대구광역시 북구 대현남로 25,35.8816289,128.6052294
28023016,명지어린이집,유아교육,대구광역시 북구 학정로110길 29,35.9535332,128.5672706
28024076,봄소리어린이집,유아교육,대구광역시 달서구 송현로7길 9,35.8201412,128.5486356
28024191,성당우방어린이집,유아교육,대구광역시 달서구 구마로 171,35.8377472,128.5467643
28024933,아가별어린이집,유아교육,대구광역시 서구 북비산로50길 8,35.8784829,128.5605421
28024974,움사랑생태어린이집,유아교육,대구광역시 북구 칠곡중앙대로86길 17-1,35.9343405,128.5502958
28027338,빛이나어린이집,유아교육,대구광역시 북구 중앙대로123길 55-5,35.8910833,128.5930186
28027588,구지청아람어린이집,유아교육,대구광역시 달성군 구지면 과학마을로2길 6,35.65444859999999,128.4149028
28028115,하늘어린이집,유아교육,대구광역시 북구 고성로34길 90,35.8793927,128.5881726
28029511,토마토어린이집,유아교육,대구광역시 북구 팔거천동로 104,35.9331644,128.5571011
28029864,늘봄어린이집,유아교육,대구광역시 동구 송라로11길 39,35.8709464,128.6171111
28030803,아띠랑어린이집,유아교육,대구광역시 남구 희망로5길 12,35.848538,128.6018128
28031515,이레어린이집,유아교육,대구광역시 달서구 도원로 46,35.8056814,128.5339949
28035135,하나렘어린이집,유아교육,대구광역시 달서구 월배로 235,35.82002670000001,128.538884
28037794,가람어린이집,유아교육,대구광역시 북구 칠곡중앙대로52길 42-1,35.9220381,128.5492155
28038056,아가잼어린이집,유아교육,대구광역시 수성구 욱수천로 133,35.8402931,128.7155417
28039000,율원어린이집,유아교육,대구광역시 동구 율하동로10길 9,35.8627885,128.7021745
28039061,세계제일어린이집,유아교육,대구광역시 북구 복현로20길 73-1,35.9060098,128.6212152
28039503,공립옥포어린이집,유아교육,대구광역시 달성군 옥포면 신당4길 25,35.7957928,128.4423078
28041382,해피트리어린이집,유아교육,대구광역시 달서구 상인서로 76,35.8173008,128.5429645
28043866,보미어린이집,유아교육,대구광역시 동구 신암로16길 16,35.8766621,128.6099691
28045146,리슈빌어린이집,유아교육,대구광역시 달서구 진천로 77,35.8156462,128.5219499
28046750,맘어린이집,유아교육,대구광역시 서구 국채보상로50길 20,35.8702507,128.5577478
28047150,새솔어린이집,유아교육,대구광역시 북구 동암로7길 39,35.9493598,128.5557992
28047207,금빛어린이집,유아교육,대구광역시 동구 안심로16길 71,35.8617025,128.694257
28048335,아이를아는이편한어린이집,유아교육,대구광역시 달서구 조암남로 10,35.8225494,128.5266606
28049922,아이뜨레어린이집,유아교육,대구광역시 수성구 지산로11길 12,35.8263354,128.6324282
28050253,세움어린이집,유아교육,대구광역시 북구 대현로9길 12,35.8857975,128.605404
28050349,아이솔어린이집,유아교육,대구광역시 동구 동호로 132,35.8662301,128.7314109
28050429,키즈맘어린이집,유아교육,대구광역시 달서구 이곡공원로 33,35.8563952,128.5114352
28052965,코스모스어린이집,유아교육,대구광역시 북구 구암로21길 6,35.9329651,128.5532441
28054312,프레리베베어린이집,유아교육,대구광역시 달서구 장기로 127,35.8422912,128.5458823
28054343,삼성어린이집,유아교육,대구광역시 달서구 호산로 126,35.8511268,128.480025
28055382,미키월드랜드어린이집,유아교육,대구광역시 동구 동촌로45길 39,35.8832817,128.6691437
28056014,리라어린이집,유아교육,대구광역시 서구 서대구로68길 58-8,35.88771029999999,128.5682651
28056903,과학엘비어린이집,유아교육,대구광역시 북구 학정동로13길 10-8,35.9504199,128.5669424
28057618,까비어린이집,유아교육,대구광역시 수성구 달구벌대로456길 19,35.8587273,128.611818
28061952,숲속친구어린이집,유아교육,대구광역시 북구 동변로 50,35.9173994,128.6048458
28065511,우방아띠어린이집,유아교육,대구광역시 달서구 용산서로 38,35.8579997,128.5266362
28065987,웃는아이어린이집,유아교육,대구광역시 달서구 상화북로 195,35.8144852,128.5467044
28066428,옥스포드어린이집,유아교육,대구광역시 달성군 화원읍 인흥길 29,35.8012445,128.4984352
28068485,꿈나무어린이집,유아교육,대구광역시 달성군 구지면 과학마을로2길 6,35.65444859999999,128.4149028
28068773,열린어린이집,유아교육,대구광역시 수성구 고산로4길 80,35.8307708,128.7057628
28068885,예진어린이집,유아교육,대구광역시 동구 동호로 132,35.8662301,128.7314109
28070142,꼬마대통령어린이집,유아교육,대구광역시 북구 관음중앙로33길 8-1,35.9456281,128.5499872
28073372,하늘사랑어린이집,유아교육,대구광역시 동구 율하동로 19,35.8690242,128.6977811
28076843,은송어린이집,유아교육,대구광역시 달성군 논공읍 논공로7길 73,35.73123340000001,128.4413548
28078379,아기천사어린이집,유아교육,대구광역시 서구 달서천로 386-1,35.8824407,128.5757675
28079214,푸른숲어린이집,유아교육,대구광역시 달서구 용산서로 9,35.8569029,128.5296991
28079328,동광어린이집,유아교육,대구광역시 북구 칠성로19길 38,35.8817946,128.5993121
28079933,솔향어린이집,유아교육,대구광역시 달서구 월배로28길 18,35.8148161,128.5299706
28080659,생각키우기어린이집,유아교육,대구광역시 북구 칠곡중앙대로53길 32,35.9189168,128.5428814
28083583,동서유진어린이집,유아교육,대구광역시 북구 서변로3길 57-12,35.9219835,128.5939938
28087025,참좋은어린이집,유아교육,대구광역시 수성구 용학로 272,35.8200687,128.6385216
28088278,누리마루어린이집,유아교육,대구광역시 북구 서변로3길 57-19,35.9218296,128.5937788
28088846,청동어린이집,유아교육,대구광역시 남구 이천로28길 42-33,35.8536367,128.600019
28090306,율빛어린이집,유아교육,대구광역시 동구 율하서로 85,35.8618101,128.6904369
28091210,사랑가득어린이집,유아교육,대구광역시 달서구 달서대로 67,35.8137707,128.5086487
28093483,아기숲어린이집,유아교육,대구광역시 북구 대천로 132,35.9354649,128.5634066
28104295,베베아이어린이집,유아교육,대구광역시 달성군 다사읍 대실역남로 33,35.8774188,128.4949061
28108692,스탠포드어린이집,유아교육,대구광역시 달성군 논공읍 논공로5길 198,35.7301416,128.4465686
28110024,웃는아이어린이집,유아교육,대구광역시 북구 학정로 110-22,35.9171941,128.5520429
28110953,토브어린이집,유아교육,대구광역시 동구 안심로22길 75,35.8638808,128.6997227
28111383,행복숲어린이집,유아교육,대구광역시 수성구 동대구로8길 45,35.8339135,128.6264339
28112455,해피맘어린이집,유아교육,대구광역시 북구 구암서로 7,35.937434,128.5642241
28116261,태양빛어린이집,유아교육,대구광역시 달성군 다사읍 대실역남로 93,35.8510069,128.4660516
28118085,동광장애아어린이집,유아교육,대구광역시 북구 칠성로19길 38,35.8817946,128.5993121
28118132,연두어린이집,유아교육,대구광역시 동구 안심로16길 71,35.8617025,128.694257
28119387,이레어린이집,유아교육,대구광역시 서구 국채보상로50길 20,35.8702507,128.5577478
28127900,햇살나무어린이집,유아교육,대구광역시 달서구 구마로12길 89,35.8328494,128.5351498
28130309,아름어린이집,유아교육,대구광역시 달성군 다사읍 대실역남로 35,35.8541585,128.4654556
28130736,리슈빌어린이집,유아교육,대구광역시 달성군 다사읍 대실역남로 33,35.8774188,128.4949061
28135721,사랑해요어린이집,유아교육,대구광역시 북구 침산로 162-12,35.8908168,128.5911347
28138390,작은나무어린이집,유아교육,대구광역시 동구 안심로22길 76,35.8626351,128.6998845
28141928,새빛어린이집,유아교육,대구광역시 달서구 월배로 280,35.8199581,128.5439044
28144842,수호천사어린이집,유아교육,대구광역시 북구 서변로 120,35.9265474,128.5977003
28145149,소담어린이집,유아교육,대구광역시 달서구 조암남로 10,35.8225494,128.5266606
28150395,더플로우어린이집,유아교육,대구광역시 서구 서대구로15길 32-14,35.8641806,128.5526118
28151883,연암어린이집,유아교육,대구광역시 북구 동북로26길 25-1,35.8995862,128.6055034
28153602,알짬어린이집,유아교육,대구광역시 달성군 논공읍 논공로23길 14,35.7310897,128.4461008
28154664,꿈초롱어린이집,유아교육,대구광역시 북구 영송로 63,35.9313116,128.5428819
28155608,리틀자연어린이집,유아교육,대구광역시 북구 서변로 72,35.9221091,128.5975683
28161031,성산어린이집,유아교육,대구광역시 달서구 선원남로 181,35.8580967,128.519884
28162901,예지어린이집,유아교육,대구광역시 서구 국채보상로72길 19,35.8703826,128.5701545
28170016,정인어린이집,유아교육,대구광역시 달서구 한실로 29,35.8085412,128.5297385
28177231,베베어린이집-서정혜,유아교육,대구광역시 북구 침산로21길 36,35.8874037,128.586484
28177906,꿈꾸는어린이집,유아교육,대구광역시 북구 동천로 155,35.9454523,128.5603186
28180273,그린맘어린이집,유아교육,대구광역시 동구 공항로50길 75,35.8933575,128.639536
28180701,총예재단보명어린이집,유아교육,대구광역시 수성구 무열로39길 16-14,35.8743014,128.645189
28182011,꼬마대통령어린이집,유아교육,대구광역시 서구 달서로17길 17,35.870412,128.5690917
28186256,예꿈어린이집,유아교육,대구광역시 북구 칠곡중앙대로 590-4,35.9479357,128.5524816
28186657,하은어린이집,유아교육,대구광역시 달서구 비슬로 2734,35.8090771,128.5125903
28186855,드림어린이집,유아교육,대구광역시 북구 대현로 65,35.8838474,128.6067625
28188550,정부대구지방합동청사행복한어린이집,유아교육,대구광역시 달서구 화암로 301,35.805875,128.520565
28189985,샛별어린이집,유아교육,대구광역시 달서구 상인로 105,35.8157399,128.5455057
28191719,주사랑어린이집,유아교육,대구광역시 서구 서대구로64길 35-3,35.8851423,128.5635318
28198530,유성어린이집,유아교육,대구광역시 달서구 와룡로22길 23-14,35.8428078,128.538469
28199042,와-우리어린이집,유아교육,대구광역시 북구 동변로20길 15,35.92192550000001,128.6020137
28200322,담은어린이집,유아교육,대구광역시 북구 침산남로서9길 5-17,35.8913714,128.5803569
28202491,대구경찰어린이집,유아교육,대구광역시 수성구 무학로 227,35.8294628,128.6343479
28203653,대한불교조계종동화복지재단동원어린이집,유아교육,대구광역시 중구 태평로4길 15-23,35.8772847,128.5801689
28203736,하나린어린이집,유아교육,대구광역시 동구 신암로12길 53,35.8754865,128.6118018
28204665,푸르지오어린이집,유아교육,대구광역시 서구 국채보상로50길 20,35.8702507,128.5577478
28205177,키즈로스쿨어린이집,유아교육,대구광역시 동구 반야월로26길 61,35.8702458,128.7011207
28206455,꼬마숲어린이집,유아교육,대구광역시 남구 두류공원로5길 29,35.8399632,128.5731524
28211955,두래어린이집,유아교육,대구광역시 달서구 성서서로 316,35.8530975,128.5008896
28212328,해피아이어린이집-박준석,유아교육,대구광역시 달성군 다사읍 대실역북로 96,35.8638873,128.4652478
28213043,우리어린이집,유아교육,대구광역시 서구 평리로 166,35.8592734,128.542408
28217412,리슈빌한서어린이집,유아교육,대구광역시 달성군 다사읍 대실역남로 33,35.8774188,128.4949061
28225411,금봉해맑은어린이집,유아교육,대구광역시 달성군 다사읍 서재로 120,35.8743758,128.4987478
28226701,늘푸른어린이집,유아교육,대구광역시 달성군 화원읍 명곡로 4,35.7994056,128.4956301
28235356,푸르지오은혜어린이집,유아교육,대구광역시 동구 경안로 822,35.8747958,128.7166702
28242204,키즈맘어린이집,유아교육,대구광역시 동구 이노밸리로29길 56,35.8809095,128.7130755
28245898,호동재단호동어린이집,유아교육,대구광역시 남구 희망로5길 19,35.8487879,128.600319
28250112,예난슬어린이집,유아교육,대구광역시 북구 성북로 39,35.8914793,128.5878222
28250381,킹덤몬테소리어린이집,유아교육,대구광역시 수성구 천을로 65-7,35.8455743,128.6976954
28250447,할렐루야어린이집,유아교육,대구광역시 중구 달구벌대로447길 77,35.8642986,128.6081436
28250747,이안어린이집,유아교육,대구광역시 달서구 미리샘길 86,35.8076324,128.544325
28255814,한누리어린이집,유아교육,대구광역시 동구 이노밸리로 291,35.8788139,128.7288827
28257235,행복한어린이집,유아교육,대구광역시 중구 동덕로30길 63-11,35.8673292,128.6072633
28258313,동화속어린이집,유아교육,대구광역시 북구 대천로 100,35.9351608,128.5606006
28259648,예쁜-i어린이집,유아교육,대구광역시 북구 동북로57길 9-5,35.8935205,128.6218665
28261535,자연아이숲어린이집,유아교육,대구광역시 서구 달서로56길 20,35.8856822,128.5768221
28263132,아이원어린이집,유아교육,대구광역시 달성군 옥포면 금계길 53-1,35.7878614,128.4449133
28268566,더샵포레어린이집,유아교육,대구광역시 동구 팔공로 274,35.9443913,128.6718766
28269250,다현어린이집,유아교육,대구광역시 달성군 가창면 가창로220길 28,35.8034263,128.6238322
28270210,키즈앤맘어린이집,유아교육,대구광역시 달서구 달구벌대로 1530,35.8491317,128.5340905
28272509,그린키즈어린이집,유아교육,대구광역시 달서구 조암로6길 20,35.8273876,128.5265302
28274046,예그리나어린이집,유아교육,대구광역시 수성구 상록로 22-16,35.8613768,128.62503
28275692,라임나무어린이집,유아교육,대구광역시 서구 통학로23길 10-1,35.8709872,128.5617749
28276290,미소담어린이집,유아교육,대구광역시 북구 매전로4길 10-20,35.9081014,128.5425981
28276490,사임당어린이집,유아교육,대구광역시 달서구 계대동문로 123,35.856222,128.5059314
28278614,에이케이아이터어린이집,유아교육,대구광역시 달서구 월배로11길 33,35.8147896,128.5184275
28278674,아이뜰어린이집,유아교육,대구광역시 수성구 희망로36길 122-23,35.8448672,128.6217532
28285509,초록나무어린이집,유아교육,대구광역시 북구 동북로 345,35.8990668,128.6076915
28292348,새론어린이집,유아교육,대구광역시 동구 과학로 45,35.8830468,128.6693546
28298525,아이랑어린이집,유아교육,대구광역시 달성군 논공읍 논공로7길 40-22,35.7305598,128.4392054
28299061,엔젤어린이집,유아교육,대구광역시 북구 서변로 106,35.9250619,128.5977158
28306230,꼬마정원어린이집,유아교육,대구광역시 북구 복현로 173,35.9050563,128.6184072
28307318,키즈칼라풀어린이집,유아교육,대구광역시 북구 동북로 345,35.8990668,128.6076915
28310700,아이동산어린이집,유아교육,대구광역시 수성구 동대구로38길 55,35.8486267,128.6267654
28316482,태양어린이집,유아교육,대구광역시 달성군 가창면 가창로220길 9,35.802535,128.6232842
28322010,봄어린이집,유아교육,대구광역시 동구 동촌로11길 5,35.8894286,128.6496203
28323847,이편한어린이집,유아교육,대구광역시 수성구 들안로73길 50-7,35.8642125,128.6152175
28325468,복현푸르지오어린이집,유아교육,대구광역시 북구 동북로 345,35.8990668,128.6076915
28327261,웰키즈어린이집,유아교육,대구광역시 달성군 옥포면 강림3길 42,35.7784257,128.4345103
28328551,플레이방,유아교육,대구광역시 북구 대천로 88,35.93674130000001,128.5587465
28330204,해달별어린이집,유아교육,대구광역시 서구 국채보상로34길 12,35.8671532,128.5480703
28331056,자연솔어린이집,유아교육,대구광역시 동구 율하동로19길 14,35.8685602,128.7005312
28334626,홀트대구어린이집,유아교육,대구광역시 수성구 달구벌대로488길 13,35.8575985,128.6296926
28336663,예담어린이집,유아교육,대구광역시 동구 반야월북로 221,35.8736927,128.7223678
28340006,푸른어린이집,유아교육,대구광역시 달서구 달구벌대로323길 29,35.8537599,128.5418324
28342030,햇살나무어린이집,유아교육,대구광역시 동구 신암로16길 25,35.8761021,128.6102492
28345196,한신휴어린이집,유아교육,대구광역시 수성구 달구벌대로669길 50,35.837672,128.7227827
28348095,사랑어린이집,유아교육,대구광역시 중구 동덕로30길 53,35.8673292,128.6072633
28348184,범어숲어린이집,유아교육,대구광역시 수성구 동대구로 376,35.8497073,128.6256448
28348806,예담어린이집,유아교육,대구광역시 달서구 성서공단북로 132,35.8441592,128.4872848
28357023,트루엘어린이집,유아교육,대구광역시 북구 침산남로 215,35.8879351,128.5882472
28360837,동막어린이집,유아교육,대구광역시 중구 국채보상로149길 34-10,35.8698998,128.6118707
28360922,수성베베어린이집,유아교육,대구광역시 수성구 신천동로96길 58,35.8643689,128.616007
28363528,파크어린이집,유아교육,대구광역시 달성군 다사읍 서재로24길 29,35.8727702,128.5001397
28365596,더샵드림어린이집,유아교육,대구광역시 동구 팔공로51길 10,35.9222476,128.6368258
28371098,산나들어린이집,유아교육,대구광역시 북구 학정동로 7,35.9448471,128.5655958
28378642,유쉘어린이집,유아교육,대구광역시 동구 금호강변로3길 22,35.8688313,128.6877473
28382337,아이꿈어린이집,유아교육,대구광역시 수성구 용학로 272,35.8200687,128.6385216
28385699,스타클래스어린이집,유아교육,대구광역시 중구 남산로 30,35.8589917,128.5829342
28395762,씨앗어린이집,유아교육,대구광역시 동구 경안로 824,35.8756698,128.7165574
28402366,웃는아이어린이집,유아교육,대구광역시 달성군 현풍면 테크노상업로 33,35.6923045,128.4527294
28414489,아라어린이집,유아교육,대구광역시 북구 동천로24길 12,35.9407179,128.5616484
28417769,한빛어린이집,유아교육,대구광역시 달성군 논공읍 남리3길 1,35.7240721,128.4501459
28428630,효성해링턴어린이집,유아교육,대구광역시 중구 중앙대로66길 20,35.862588,128.5950518
28438917,자이도담어린이집,유아교육,대구광역시 중구 달구벌대로 1955,35.8639029,128.5781015
28444512,새봄어린이집,유아교육,대구광역시 수성구 범안로 40,35.816846,128.6416674
28455611,목련화어린이집,유아교육,대구광역시 동구 동촌로 190,35.8816743,128.6609235
28464529,초록숲어린이집,유아교육,대구광역시 북구 동변로 55,35.9179295,128.6024798
